,entname,bidnum,bidnumlabel
0,384073e8cbfafd69e9154798ad8dd3fe,3,中标次数少
1,8de674fda020874e15aa797728eb3ee5,1,中标次数少
2,63845129f4ea0c9ad53127c6c6bf97e3,1,中标次数少
3,bfc03e1621447e741a242da0c1c06bac,1,中标次数少
4,a293f02824226beeb84f025f2e875f45,1,中标次数少
5,3925280fb9d15c49dd6f5ea22d869097,1,中标次数少
6,e5cd2fb14f39f1ea252ad1650516f375,1,中标次数少
7,5362d318c605a2f380d721c698071e0a,4,中标次数少
8,308baac89fc6b272be058326161a725b,2,中标次数少
9,0480a2b81d530039d5c95ee2c487b19d,1,中标次数少
10,0380837ff10cad3eac713a50a237e5a0,3,中标次数少
11,641e5953a725698e2f8eb17af040c503,1,中标次数少
12,dff5feabf215aa1d3a04a0eb6ca1dd3c,1,中标次数少
13,be3a630de2d0445fc6a2b22f5f1e503f,1,中标次数少
14,026a260bcf1e7492ee257ff56e5362d1,30,中标次数多
15,a4f90e603b83df5745003aa7809b5366,4,中标次数少
16,0dfe423f96700f35d56bf7526d608b1e,1,中标次数少
17,f64bc2c761aa900a41f4a51c62c68351,1,中标次数少
18,a2969e901f35b2d837819d8782d0c2c0,1,中标次数少
19,d4c6fdf867e039added7693d7970c206,3,中标次数少
20,154c6c9625a9ea42d39174ec472156ef,3,中标次数少
21,81fe2e27576f0235cf892c17fafc9925,1,中标次数少
22,461b861d228c030d6a75bb7c3824fb00,1,中标次数少
23,a4e310ce0b7ba14bb48fcdb98a632671,1,中标次数少
24,3f2995282a13fd9fff92d18615c5af36,5,中标次数中等
25,e898b4b329523e8d37069e988d93539f,4,中标次数少
26,b4258a719624bcd12f6cf8a870ff13a4,2,中标次数少
27,69731f39e8aab66ccde3519ca425004b,1,中标次数少
28,c751646443caf4b2884ad3f6b8546cc6,1,中标次数少
29,c8cc7716502344b77d302e1dcfdb2cd9,1,中标次数少
30,cc66ff3c3b19df80dae4115f7db32334,3,中标次数少
31,3a52a024ed33a8e265c5ed4591e018d3,1,中标次数少
32,a4d2dcf9c723d9e65f60932eff5ec71c,1,中标次数少
33,57cf3d3154913699e0b17bab3e8d5bf8,2,中标次数少
34,08b46e8da459fc13527a93f0c8b45d4b,5,中标次数中等
35,b650e52ea83a421c478473a7c95c2ffd,1,中标次数少
36,99db33494977cf302ae612edb77971b6,2,中标次数少
37,ce5bf515db35f7428473cbce081ff997,9,中标次数中等
38,d145d92d86020c55b5c7c157dd5eb40b,1,中标次数少
39,a1b60064dca9b2bb79591d4af972ce3a,1,中标次数少
40,8c07f4444bcd864a82e3320004b4fe8c,12,中标次数中等
41,e8ad1bbec4ef7b5fd4f8564749eee562,1,中标次数少
42,cbd2a92fcc3fda31f8dcd35bd09a269e,1,中标次数少
43,dac147ae70343292888405b0ccd69ebb,1,中标次数少
44,5633b957b4bb518e073653d0e034d8b0,4,中标次数少
45,39fc34ad2a2bb5b0c80c164ef9331f48,1,中标次数少
46,38b6361efd67d13d818bb066b0d543d4,1,中标次数少
47,554ad361ecb5b1c1e91e21af8dbc69c1,4,中标次数少
48,2a8234180ebed7e719ef261efdc1bdb0,1,中标次数少
49,4539a76148c20b5508be8c32ac897a80,1,中标次数少
50,174e950e76a01f439ba45538c3527457,1,中标次数少
51,946e6f3d989119be372bb014c190563e,2,中标次数少
52,3b783b8e94a5b1fc9af3a1230227a794,2,中标次数少
53,d8cc192e15b04b025e31bf79c7d47e17,2,中标次数少
54,2f7ccaddbf0d8b7899520704c23023b8,1,中标次数少
55,532e8fb8c5ebbebbd1da329fa626905d,1,中标次数少
56,48ad8bf20014e25ece62385da6fd8778,1,中标次数少
57,0e5f58eee39bf0fbca984fe16f549649,1,中标次数少
58,ee88e99006ef8be2c9774ceec4bb6af3,4,中标次数少
59,ed696171b77e0609a44c19a6f205106f,1,中标次数少
60,717a548f262d9cbb0f7a172ace40afcc,10,中标次数中等
61,e0e49b7bc47dd780881559d0c83807cc,1,中标次数少
62,b41db45f97b8361af1d85f30d903149b,3,中标次数少
63,4946865fd8f3a880a4b44a5fd0b822f5,1,中标次数少
64,bc16acb591b58cb1fecaec34e8d7d6b7,1,中标次数少
65,3a6ea4818d7c85430ed9ab17eb85b749,1,中标次数少
66,e6882873275e6ca13c9c1e762255767d,1,中标次数少
67,5ffe96472457cbe445912e90889aa86a,7,中标次数中等
68,c4f727d1600f508f11fba8f3d76c0c12,1,中标次数少
69,60b6e51db25d5945a9fd73b3ec16611a,8,中标次数中等
70,532e8356c08632251888fc753570bee7,1,中标次数少
71,40b2a2ee399721707ddcc4289ca423e2,9,中标次数中等
72,8918fd9f8679e085b877676a9a639c55,2,中标次数少
73,a3b7dadea93d6edc4921cb4b9f805525,1,中标次数少
74,93a0491395e950d64743e83cd9e554e2,1,中标次数少
75,811a48a485bc5ccdc82bfe1d3c01878c,1,中标次数少
76,d96ca636ea5646ac6aba9be5649d154b,3,中标次数少
77,32353d8f4ecd7bf7c530f6b8671a2f9a,1,中标次数少
78,7d2e2fc2fcf94b44087b063b5f20c03c,3,中标次数少
79,2c5d7dbcf584a385313b88eb6c17e36b,1,中标次数少
80,8ed44533f8927cdbcaba8d13f54acf22,22,中标次数多
81,a6e42b94e82a062b86d4068126ed2f4f,5,中标次数中等
82,6f2eae8e1bc90351bcacff9b0f4a6c54,3,中标次数少
83,4d40e7799fbadfffddbab41b913fc4d7,1,中标次数少
84,8123b57923f531332b41193a87491a7c,1,中标次数少
85,8f57df900d8b1a989b740a2c02577585,3,中标次数少
86,babaaa7a80187537dcf61ad06ca44c54,1,中标次数少
87,73d01a1f787021c3a2a8be925a45527b,1,中标次数少
88,273fcdea4fd4d40bacafd5e04bfb5f65,4,中标次数少
89,645fdea20748da91afed2b81938ebf88,1,中标次数少
90,5ac0c9a1aea5184f69e84ca15ea9604b,1,中标次数少
91,aadfc6e352e51af67f552a332aa3b61c,1,中标次数少
92,6101651f9d0513f776758c81963c4fc2,1,中标次数少
93,dceecd3194bbed9bf3885c7bb6799cf6,1,中标次数少
94,3b4f736b24ab3bc82c1954c0e05d1c22,6,中标次数中等
95,32b352f8b4f1aab4cc51d1c6107674f3,5,中标次数中等
96,d3ab7c48d984b08fade9d14ba35e7d04,3,中标次数少
97,327a3a32a06680e8f332b3c3b8a335ca,1,中标次数少
98,0162f18039088e992c2e37148b07f8a8,1,中标次数少
99,00a3712497ab8cbf049931415a8492a1,1,中标次数少
100,35cb0d910735c70199c5c62bc5cd9820,2,中标次数少
101,09355a96aa02dd04da3f0b49ff9bffb4,6,中标次数中等
102,e4e2020700b94527f6465a1e6552891d,1,中标次数少
103,e5b80ba2e3a753b534d25b7cc54dc03a,2,中标次数少
104,99431ea4c3e6499d4f975fde54dffafa,3,中标次数少
105,b32f49ccf24eea728e8bd12f24cb8b16,2,中标次数少
106,702577acc7097b7a9bc2a4a71eb701a9,2,中标次数少
107,76ec66106c592ec01e1d1d113340f63f,2,中标次数少
108,c756ff5140b39b9db6294221a1e2e284,6,中标次数中等
109,1d35f8fe21f7915702f5729917789ad3,1,中标次数少
110,e65ed5315b3ce76d54cb73ec366e31df,4,中标次数少
111,991a0da0f754e256915bf74c54830244,16,中标次数中等
112,8f089a1d6268bbf02f1bb7170cbe817c,2,中标次数少
113,ed606d656be57439cb78e70c9d86a58d,3,中标次数少
114,af9ea4d8d0bb74ef1b95eb255bfae10d,3,中标次数少
115,316e9c07728a45809e6115acaf49e2d7,1,中标次数少
116,774192524e58a51536967d653444c92f,1,中标次数少
117,372b5526aa7c62f191a84e3b98fd10ca,1,中标次数少
118,ab5f199648872afdaf932e103db1ca9a,2,中标次数少
119,b7fd8710a5026a1470300e4233dd373c,1,中标次数少
120,12d16e7a0cb73b955f5c73db1a984d18,1,中标次数少
121,2143b4c80e21704e9329021f57bd0b15,6,中标次数中等
122,ec49253f415eeaf2234f3b4c171beeef,1,中标次数少
123,53b176909777d1a87761c7e192209f06,1,中标次数少
124,83a322be4c658ec56a02fc2dc41180fb,1,中标次数少
125,ef22b6eb9b6e9bb78f1396541fe43776,3,中标次数少
126,cad8c4f99bda278697d410425074afd2,10,中标次数中等
127,6c8483589b7841807238766a6b5f8bc8,1,中标次数少
128,6ab9c6b592438246bd27aa6fc742df58,35,中标次数多
129,e44f872fff2e613c7453d77346aba800,2,中标次数少
130,a1bcc60bf5caee990d3e5d6af8c45976,1,中标次数少
131,80457f65e0d20611c02bd1e8e588d29b,1,中标次数少
132,30567fe90289aae5e3ebc7b9a427e63e,4,中标次数少
133,cacf9fd99560cbe6486899ff79059850,1,中标次数少
134,7c4a6b8a42907b01879c04102569a15f,1,中标次数少
135,84edfd2a6ac83a3aa06ef95b20961b1b,1,中标次数少
136,a05d99f96c60ec55a96216dca0790a7c,2,中标次数少
137,42522f94b0710b0652ff6bab14887a62,1,中标次数少
138,08d34ae476fb9776b4c05615aa0c80c3,1,中标次数少
139,fa645ef948e38c58cd63e052a39ebf21,1,中标次数少
140,125f788bcb74b1960e3fa85caba32f2d,8,中标次数中等
141,e9b07b1f91c6db50656ea35a0f8af72b,1,中标次数少
142,e5f3fcca971f1c89f79f5e7005f59006,2,中标次数少
143,0363941f691b0ada9075010069acd489,2,中标次数少
144,e0294a4206cc4b1e12e34327d98dae41,2,中标次数少
145,21f35aeec693dffe9a834cd7e9540801,1,中标次数少
146,158e0bbb5ecb6fc2c39a9f2c7d215503,13,中标次数中等
147,4eafebb531cd756efe8124b8cce0c6bd,3,中标次数少
148,fcca1b2f7fbfd17cc8789f2931b37da0,2,中标次数少
149,f06c9f7695b6ed28f4cd6514388a6c8e,3,中标次数少
150,3a4d5483e42ebf4cb878404b7ebea555,1,中标次数少
151,0809dfb1da7aac97372c0bd96d6a4c6f,10,中标次数中等
152,e703e0d75125662d8297c31a7af17c51,5,中标次数中等
153,92d6f99d1b4361133a9e507963f061dc,22,中标次数多
154,8154f360283c9f7e21a4811473bd8968,1,中标次数少
155,1e6887b827eeb961d0dd3e848cfb8d08,4,中标次数少
156,85fbe43c27aec7d2c607b44ddc9e8e2f,3,中标次数少
157,40a0d0569448d79c100fe752574368e6,1,中标次数少
158,00c899cce728761e1eeec13cbb475a41,1,中标次数少
159,61de750bb873cfe861497d4015c851a3,1,中标次数少
160,c5b73bac22bce3b2c117a6a25246d511,3,中标次数少
161,eca0b85a3918d0967e054e0b41e41ea2,1,中标次数少
162,6a6e24ab2faa5fd2993e4a22b5a1b8bd,123,中标次数非常多
163,64727226515b8f44d90d9b0e861677b3,7,中标次数中等
164,d4d8371f4bc6d340821feee8fa2c0733,1,中标次数少
165,edde7bab7e9b8e767530d4974a199275,1,中标次数少
166,8d0db314f057a1add52997b147a76c78,1,中标次数少
167,263609d05d24782ff789e896e1c17674,1,中标次数少
168,363efa6b2c322f5165d8876c15b441f1,1,中标次数少
169,40b22e4ef025c3e1d4c234c73dff127f,4,中标次数少
170,731b7598cadb3ab8c62704a72bdfe3f6,1,中标次数少
171,1e9863572487dd4a98b402434047d2e2,2,中标次数少
172,8da8220045df9d5b06c1270d2c747cfb,1,中标次数少
173,48877e998f287a7700308c4a1be68d77,2,中标次数少
174,8565f98a9fcd0a1da098f39082e0c283,7,中标次数中等
175,73df1a0a97778c22e20aeb3f1c19c8b5,3,中标次数少
176,581cfb9262548d6463687eaf7e05b765,6,中标次数中等
177,f9cfe29ff8064fdf5489aab9a32ee258,8,中标次数中等
178,1617441ccecffb18626efc20918d3f88,27,中标次数多
179,cbebdfd5442aed05ce73e5399c6cfb0d,30,中标次数多
180,a111e997a9ee3a676aadbc046e59a5c1,1,中标次数少
181,0398130b73fd900d6a4829577ccea25c,2,中标次数少
182,9bd17dcfabb5f43b7b7577861367baa1,1,中标次数少
183,fa8aa19bd498b4b24d9bd65405ba2024,12,中标次数中等
184,eaceb11592a653c45932af07904bb60a,7,中标次数中等
185,34b1498bf4fe3b1411ad3711f7657832,1,中标次数少
186,fe353309334631b0cc565bb38a006860,2,中标次数少
187,14e258e7a7dcf63c152d8734b5f69a78,2,中标次数少
188,f7652afdfedda49af1c9d0a628beb4d8,1,中标次数少
189,19d3e4b08e8ea6e1b89fa40edbdc5fc6,1,中标次数少
190,849b9f51083d2c5c72da82e9fac82f9d,2,中标次数少
191,500d8b1275459b886851c1412154e9e5,2,中标次数少
192,25bb182b8145ceb0d0ce9b64a208d995,1,中标次数少
193,eeda130892ca9155e207ce9b78aeb897,1,中标次数少
194,c740b73cf9a1547cd23384d05c37044e,1,中标次数少
195,798d14140b8744e9d2e29d0671913d27,1,中标次数少
196,2c38ab67d031a58d0253baa413630b98,21,中标次数多
197,de58bf13e0eca90653f1e0e9df7472b6,1,中标次数少
198,3f743ad22f3efacb893c96d78f191411,1,中标次数少
199,1c3cc9879ee0f2328812bbacbe7a3ae9,10,中标次数中等
200,aa60ded59c59d6210a319dab046184e4,20,中标次数多
201,9cd0676c4c8cb444b6624c5436865057,8,中标次数中等
202,b7f38d00dbd14b6e00dfbc8984255989,1,中标次数少
203,520b6346c8d7d65d552f22fbec568c83,1,中标次数少
204,1293c7e56fdef90061f6f7739e3fc131,8,中标次数中等
205,00d051ed8cc06f9800e5f3c98f09f58a,1,中标次数少
206,18c5fa7fab62d57a6f6d672e9d1a37d8,1,中标次数少
207,41803804d1acdff0577561753469cd3a,1,中标次数少
208,6114857150e84a4a36ca7a5010118fb7,1,中标次数少
209,06fd5a7d1887c4c95d9e87e3d392c31c,3,中标次数少
210,56dac72ea00712fc51119d35ca258e2f,2,中标次数少
211,a7f81a3168cbb52b976aee96e7359711,1,中标次数少
212,09ff45379e8df86b2b706683daec5dfe,1,中标次数少
213,c7a78b85607615b08665399a59dd3f7f,1,中标次数少
214,654dfb0808c1b9e262145d35e3b169b0,2,中标次数少
215,74ebfea076e7c4ef60e015442be9095c,1,中标次数少
216,e3cb7ccaed9389228a95f6366ab80990,1,中标次数少
217,52975e6b73969650e6ce23e3f16d73ee,8,中标次数中等
218,01a044cd455a8910b517516b56ca2597,1,中标次数少
219,a40df05110451a3545ded7ecdf286d0c,1,中标次数少
220,34c0a7c98ca7dbc4c4581d7711e70da5,9,中标次数中等
221,ce74b581f3b6fbc2dd90a972ad74ec57,4,中标次数少
222,ce3265a93bf1585b1ed2199278033348,1,中标次数少
223,aa6c1244c2d7cdc10560e6055ab219d0,1,中标次数少
224,d1ae010f5fc827ea2f6008fe4e10aec8,2,中标次数少
225,1acd9e709aec61ddb837c50b5a826d00,8,中标次数中等
226,74c0315d6f4bbf7e9cf5c1f4fc2b2743,1,中标次数少
227,cdea60eeb52bdd8cdba2f79868a61002,1,中标次数少
228,e69ad0ad4040b7af865a7857e8935b68,8,中标次数中等
229,90b2203493230ed94da1993eb388dfb0,1,中标次数少
230,cc2b609c79c76cc20f9ad7e636874ca7,4,中标次数少
231,f27c4df10ce4f22eaf1acea2a06bbf43,1,中标次数少
232,309aed9b1d11121f3496ef1c393655fe,5,中标次数中等
233,54ea2fb519b8cd70a83277cf0303e684,1,中标次数少
234,22456401600b84c7258a1ad02e8478ea,2,中标次数少
235,5b3a08166ec36a9a133c1c960c85a070,1,中标次数少
236,78c88cb298cde014d39ed2a22b386443,10,中标次数中等
237,b3d6958f719e25fa9f228f4600eb5cea,1,中标次数少
238,e4d55ec49d6b5106165996d4f385e25d,1,中标次数少
239,f04c6135d014de095759d62e1ecb1648,1,中标次数少
240,cf5567cd34baa8146e1c5416ce360b9d,1,中标次数少
241,fb42fd68f44bfaad4676f84f7df080e7,1,中标次数少
242,28e74be7bb7330c5192f53ccc8bb941a,4,中标次数少
243,ce8398982f617cd12fe594baa9e1fb85,1,中标次数少
244,09d18564875885e6822994998b636d8e,46,中标次数多
245,d982c445d000d3c57844f9f2cf533a43,1,中标次数少
246,d623300e14beb100cebebd93f40aa14d,1,中标次数少
247,e5ea1afa44c642de30e45e0be18145fd,1,中标次数少
248,8c25fa2cf15344568adeaddc44080a20,1,中标次数少
249,aa36f5bd1092667329e552c2b6b99882,2,中标次数少
250,c8bf02e3dde3a87c7b8a5367f1af0968,4,中标次数少
251,15e4ee5719cbaa3bba6f772de3e1cd11,1,中标次数少
252,62d44bc4c8a45e23624a221cf1b21942,3,中标次数少
253,fb06c927de46874c2c0cce2d3a0e79d4,7,中标次数中等
254,3cc514f3d10246a9e0b9bbcffbfca264,2,中标次数少
255,fa555c098d6a6b0d12594324f66e6af2,1,中标次数少
256,a7b230ebe93069e85930296c39d7611a,8,中标次数中等
257,72d017c889d077fdf5f6fb08ff34c5fa,10,中标次数中等
258,63515a1e44ede7286da950eb675458c5,1,中标次数少
259,3892c316373452ee7849d26827bd2a42,3,中标次数少
260,9fc537e2154eeddd42304481be191e87,1,中标次数少
261,b4366b0ab6d0c49f123e9127e5b4193c,1,中标次数少
262,389fbbc108774f02755eabcde450c295,1,中标次数少
263,782dbbd38d8445492f9828f94122a707,1,中标次数少
264,71c046076e10850b548ea273c8dbcf14,1,中标次数少
265,acdcffdd366587baf6b16c69c59245de,1,中标次数少
266,11f9dd680ad8946ce124caad2fcf80a8,1,中标次数少
267,9cc1bf374e2416b1d087ffc7428952f3,4,中标次数少
268,e0c1f710add32bd0763a094d306f92e3,6,中标次数中等
269,692dae1cfb16bfaee4a6cfa28f684e6f,2,中标次数少
270,ceb45f737de661bca04cb378689dba4b,1,中标次数少
271,0f7fa44257457e4c372db5cad337f0f9,1,中标次数少
272,5f2cbe18cab9cbb41ba2a7a3ad02e4ac,1,中标次数少
273,ca8011c799c01ab41210e3c7fcce21b5,6,中标次数中等
274,1d3bd04d9ea6e5157408d5ea92083c85,1,中标次数少
275,40ceccb42db8bf3db368c6506caf2906,2,中标次数少
276,782ecb2e8696ee92a318ddc89a4efd42,1,中标次数少
277,fe767e4dbe5586fe12741808355349c7,4,中标次数少
278,de47bc0b736763285a402a8abdfc1030,2,中标次数少
279,0c4350eeac8f02454127dee204dd33c0,1,中标次数少
280,ad355ee7036cded6b543fe6e83bf302c,1,中标次数少
281,20228a5a61f0bc966c6251534bc10b0a,2,中标次数少
282,0057a8147431b3ee76fcd582fb2f8258,1,中标次数少
283,9175c821399435cdd7fda4d9b89fcef9,1,中标次数少
284,3afd6ddbe93165908e895f266d6c540a,6,中标次数中等
285,d5a44189b2e3eadfa4702eece3cfbbce,1,中标次数少
286,0508d6052c1d7727f085f1bea4bdcb44,4,中标次数少
287,074e9defee0984a3fcc4a3e557cd52fd,1,中标次数少
288,56f1c92c2c24a5cf44a8ae4b9089249a,1,中标次数少
289,f12da9ff2e309a0cb8da613121b0664a,3,中标次数少
290,aad95a7ee5ffbcbe0dfe3a9a74568b90,1,中标次数少
291,1bcf98c308eb4b2c0206b1cf1440ad5f,6,中标次数中等
292,22111d04fe89abd641fe056f6b60ff9b,1,中标次数少
293,8d7fb8e28f0590e953bd0f1e626f3d17,4,中标次数少
294,608597dc32a0564758f0af79a9f74fba,1,中标次数少
295,4bc070105c43984a8242eb09a922a6ab,1,中标次数少
296,4fd8eab6c40f28ccdc79d19d2ab97e91,2,中标次数少
297,5d22c10904d58c6b1e92a928fbac2217,1,中标次数少
298,1e0a851c0fe119f53d5088eb36aa48e3,1,中标次数少
299,97946125a34d0cc065b2dc8a5ba60851,2,中标次数少
300,220aa08f3df350ff7ba5053200169493,4,中标次数少
301,d0aa30bce6d928574eef7ffea526c297,2,中标次数少
302,c372719dbf351016ed3106eba92c3608,4,中标次数少
303,8fb0498ab293b96da34bfaa4be14ef31,3,中标次数少
304,c8ac5d40add1a867b7da376c14e6ae6a,1,中标次数少
305,6b357332d2dab81e3917803dff8e2c11,2,中标次数少
306,3af53ea17b7ab768cd3452f67d4f23a9,1,中标次数少
307,283fef91bc9aab193749efc602b5dcfa,2,中标次数少
308,d74fdcee24c70b0a670249364c5c1021,4,中标次数少
309,dc54b35afe801ff26a385f84518ba006,4,中标次数少
310,94828e6bf43bca5fcaf6ce4b5031845e,1,中标次数少
311,5dc66d70463196309e9235ce9eb5a0dc,3,中标次数少
312,1d648f30200a428e01ab618c50c75c6b,2,中标次数少
313,d72a098b1c00ff79f356e683c1c28586,1,中标次数少
314,97faa42ff6d52a52a5a2f9232115c479,3,中标次数少
315,8a2ef0873824bf10c84cec55e1e173e9,1,中标次数少
316,e2681322134388425a17a4fa099cb6a6,2,中标次数少
317,c1e78a8b4ee525f6ded3f451c6e326e8,1,中标次数少
318,cb8948abc14cc5b11fefeeb6a9c5a19f,1,中标次数少
319,34f08bfa8f95fe7fe68a3f6d17e4813a,1,中标次数少
320,fcdea9df2be8949d05e43df4bcd413ce,1,中标次数少
321,54f0b4899f682346243f3c7b686df0fb,1,中标次数少
322,51fbfcff90d21a7ad0d724c8889bdb18,1,中标次数少
323,dd9338523d66fcc713970506b98e78d7,7,中标次数中等
324,d60367a92e5417e721c7fad6987bc941,1,中标次数少
325,03353316952a06da97825c5e31802884,1,中标次数少
326,f2d085712023c1f46befad90f2880dac,3,中标次数少
327,a73210073f33d507014687a567cdc265,1,中标次数少
328,302ece71c57d6a397c8e86ded63000e4,1,中标次数少
329,e5fe2cf65c7730b0a95cdc05f339ac90,2,中标次数少
330,c6d9ba9cda7bfe73140ea456675b87b6,2,中标次数少
331,fb530e82d0c39bef83bde9aa4baa15c0,3,中标次数少
332,46187f006c9342f16069fc5946ad5008,2,中标次数少
333,681c69633c14b07909f0add06eeea1dc,3,中标次数少
334,ec4d55e73bb1d56018271114f4112455,2,中标次数少
335,cf397bab4bdcdcc5781927456e0843e0,3,中标次数少
336,1e76d14467172a93a8f0387bfdfec573,1,中标次数少
337,3c7e4917d70dd8e4c1526c601ea4b0ac,1,中标次数少
338,332b7a1e573cd75f19c305a35074281c,3,中标次数少
339,47af16a76ef9c12713576e04a5be11e4,1,中标次数少
340,b5c3f9223f05ab7837ca4be3e260d326,1,中标次数少
341,69642c47642f2a989f9bf0d85faa6579,1,中标次数少
342,84c22073fdb1733237f2a4568acc66d5,6,中标次数中等
343,469f616a4a6c9635ed24e349dffa1d94,2,中标次数少
344,e7b9934c502ae6484236b2e0413af556,1,中标次数少
345,523fa5c6dce9afa847d4cf2d35b4590c,2,中标次数少
346,ff1fc6e24883bdf5d782429edf73fb37,4,中标次数少
347,02dac78f708c3350d657df556a473de8,6,中标次数中等
348,8e4e6c73cb76520e0d50ca475ea3e017,1,中标次数少
349,1685bb21763dd7fc35f7d75026fc3585,1,中标次数少
350,c10fffd94737a1ecb8d454f14fcfa25d,1,中标次数少
351,d1ab7544892fc3ec1b12f27111f16370,3,中标次数少
352,c6b42ca028323849867e849eb4340278,4,中标次数少
353,f1aa140889a4afb18a969f62b7d5d06f,2,中标次数少
354,d283d1830f76b4899b6b33c109e949e3,1,中标次数少
355,1ed4de9a9d54119b715acb2fe83a088a,4,中标次数少
356,c167e8ff6cb7b80c7777d8cb70241f67,1,中标次数少
357,a430e3ecf6a708c31a2df7c7b30d280e,1,中标次数少
358,2c88cdcef65f47414f81da5fa3714b69,3,中标次数少
359,81050bad36cf44f99c7d1763cdc2499b,1,中标次数少
360,6acdfb558180d6269689ffde58655ee8,1,中标次数少
361,155c17ca822a0d00681aea581c1c60f1,1,中标次数少
362,623b6251eae4efcde06679a0a33a2188,9,中标次数中等
363,a1bd1fc7433eb420c7185c9b12466840,1,中标次数少
364,d4c6fb9ba27791d82b3739015e33c98c,1,中标次数少
365,7ce3dee2ed6baeb460a80f6c9d24fb48,1,中标次数少
366,231e4ecb67f2bcf7cac707c0732467c5,2,中标次数少
367,331bf06ca3b52804f4a492361021b8e3,2,中标次数少
368,99c9e3a97ed88bdcbe73a493c1a8741c,2,中标次数少
369,d60457eb5a57fe04c54e3f7904006bba,1,中标次数少
370,c67a9a066bf3168f750b820fb0afb4a5,5,中标次数中等
371,1f3e5119280d308b4de0a6e944ee3184,1,中标次数少
372,e5e91454e1d9dc062a414c62339c5a99,3,中标次数少
373,e23987d819043d7b64f2a04acf52c854,1,中标次数少
374,25fdc6e19ba1a954332a8b7ca4bf7f58,1,中标次数少
375,da09bd8c33d184993518093e630f48f8,1,中标次数少
376,3a9040921283a90752fd07bf698eceef,1,中标次数少
377,7eb035ef3c784b830cf2878454e3e4db,1,中标次数少
378,3f4ecc178589f39e6dd8f15a2cda8eff,1,中标次数少
379,bc39e701c8c434da8bbe60487c2eccd4,1,中标次数少
380,170d0c4a9a0d64d727e43105eaeef9b7,4,中标次数少
381,a1c50e8c392fe081578cc1e6b34679a7,2,中标次数少
382,d4220399e6895bbc7655aa63deb822b8,1,中标次数少
383,4e186d74a1398edf1851fd7e3ce6b80c,1,中标次数少
384,4384f01e20bcb3cd9853375f5b53c69c,2,中标次数少
385,3afb4a0ac415397d2058f081a28e4503,1,中标次数少
386,48252783f77df301f4ef6d203e3e8b7f,1,中标次数少
387,c335332710c9a729bfed34cb4acfeb98,24,中标次数多
388,2b0ef69494a14d8e3224a48ba5e98237,6,中标次数中等
389,3c547b2f8e3a99672fa490ca5150724d,11,中标次数中等
390,adc97b0b17449f47f2e8153dd87906f1,1,中标次数少
391,757df8a6ec916fb83a5a24a8449f6807,1,中标次数少
392,4853be6405ee6b5581f7ac4e3f364638,2,中标次数少
393,a79d760c7edc578bec4555a176e6525e,1,中标次数少
394,c4b3bc7e24986b239ea984896f716faf,3,中标次数少
395,89bc1ffa6dbbf90cf119a7d3ca01264f,3,中标次数少
396,d18a21c7f30b5912f1c3e55d8721eba0,2,中标次数少
397,102782ce0eaa091a519b49120b43ddda,5,中标次数中等
398,c0bf4778dc780f6df489d23cbca56536,1,中标次数少
399,27b4e81635a185c0a293355f923e1fd4,1,中标次数少
400,739f2a63a2dee0796a850c80e904e171,1,中标次数少
401,18c787e4387a388d671bc30a4834044d,2,中标次数少
402,a71ae9ac3a8d2df63cb4a98ec2476e54,3,中标次数少
403,83f7d705ce00db20477de71c1cbf93a7,3,中标次数少
404,4fcb250e200307b3e583b6508751c3c8,2,中标次数少
405,31b118eba0f8e8f7afc35fff8a4fd7e5,2,中标次数少
406,a9facad8ea57a73cd48f24c2ff104ad5,4,中标次数少
407,f2fae80e968afe0b5a7d0f85b86eaad4,2,中标次数少
408,9536f5df51c72a57768138382163fd96,1,中标次数少
409,d762509d26b07729fe661469a625c832,1,中标次数少
410,a2a410cf467e5317aa6cc45b379b983e,1,中标次数少
411,dbfe864ae5bf19106bc5557cf734c082,6,中标次数中等
412,bfb84dcd8a02aed9ec4ae075b2d8a792,1,中标次数少
413,7f1e6669b30f35daafd63d74d0b8a4b0,1,中标次数少
414,03383bec3a8b6fd2e8e5a0da5f0ebb0e,1,中标次数少
415,c29acd0fa946f64cd954735416b3be0e,1,中标次数少
416,93f97b9901e782505eba387acad2ee5d,2,中标次数少
417,013f0b4b13c5ed3f91ffbc94f688f169,5,中标次数中等
418,2755834fb5c1824446da785d3acf5501,1,中标次数少
419,191d7cb68a087f85ae5247264da0fc79,5,中标次数中等
420,73897c60143d16c4513b24935e4a89cb,1,中标次数少
421,069189640ce8203f97c4b72af9d9e6c2,2,中标次数少
422,4197cd344680eba56ef1fb439220432a,1,中标次数少
423,8136a86bf6c763ba68e61b2b2c84fcee,1,中标次数少
424,add6d3b65e0695ef98897e31c95939e9,1,中标次数少
425,8f017a79e80e6e3e9fa841676f84ea42,1,中标次数少
426,59f12f08813e629b6beacf7a9462e69e,2,中标次数少
427,e49d06098b6c659520842d5a1ab81aa6,1,中标次数少
428,5a27d242d2712342ba3cf43c5b363753,1,中标次数少
429,7f3db0bbc0c3d7f655f85e9096c189b5,1,中标次数少
430,dbc4e79b1b54986c3476332e4a1a7859,1,中标次数少
431,52825dc7bfa5137d6ecacd884312578e,3,中标次数少
432,6ab6b4357b837222b55963a75fdcb847,12,中标次数中等
433,1abcaca280fc5434274eb2bc72f11d7d,1,中标次数少
434,5259d4fac8f2c5afe0459cb1554848bf,9,中标次数中等
435,1a9a82c01e8461ef81fc9e58cf329c59,1,中标次数少
436,51488be35f01331bcad90d22ca22ae7a,1,中标次数少
437,8d2792161dca32345f854b0a23ca60a2,2,中标次数少
438,5ce29750ceb079b89b3df4044740f266,1,中标次数少
439,fba4a2d9f67d22874c4bf97e065e314b,2,中标次数少
440,c393284cc01e8bec0eca1bf241a0c1d6,12,中标次数中等
441,c0a75d04f5a618bd26ae633e6ef4d53b,2,中标次数少
442,9c50da620e8621b901a50cb4251bbcb1,2,中标次数少
443,bd6d70372037b0138190440793269468,1,中标次数少
444,cfaccea9df960e79e8efcad31bc6fb18,1,中标次数少
445,8422b8cfb234ff598228d39da8f5a57f,2,中标次数少
446,3f6b66446b2f69601f02dea03bbd16e1,4,中标次数少
447,e09f2a54ff4bc00ca99f27bb75c4da96,1,中标次数少
448,12edf1828fac0f9b3d4467c22c8056b7,3,中标次数少
449,5c4b9ef48d4bd3818a18363c9146692e,1,中标次数少
450,b2b514948772add0ad8fb010d39af299,3,中标次数少
451,d3dee46a4bab2bb8f66b7edc7d883fd3,1,中标次数少
452,4c1ff3bc2d527fe5efd2d2756e4c0216,6,中标次数中等
453,37b0d1a11148e91c4b1ee21825ba0192,1,中标次数少
454,87bf7711816592d85be523d3a89cb57c,1,中标次数少
455,d6e72bca927bb5d6d184e6fab6b64270,3,中标次数少
456,494f5f27fd1ccc2332842fc04e135f66,1,中标次数少
457,61578f0eed7d74977bec6483b20f6441,1,中标次数少
458,40568bc27a85eb73255afe4442ded64e,2,中标次数少
459,d811953320b0e9322765df3f8d095952,4,中标次数少
460,958296e1955c3b723746bf58e6adf6c9,1,中标次数少
461,7618516e8012215c1a7268cce6bb77b0,2,中标次数少
462,28091c28c7e561abb13245bc6ebd89db,3,中标次数少
463,a1fef89a60f62d4b675795c06bd28f20,7,中标次数中等
464,8943663f5a5811fa023b2e2af9445aab,1,中标次数少
465,0e950ea73f02a2ea339ab4d20548ac83,29,中标次数多
466,76ea877699cf027de1e9beab9aba1abf,9,中标次数中等
467,54a3708d90821c13e64af1a1b9654378,1,中标次数少
468,9156f3edcd3fc056e0dd20a798175c5f,2,中标次数少
469,953f946c37a1c9c35739b45db8b3ac56,1,中标次数少
470,6aae4cd936902e95ecb4687c4583a6f2,1,中标次数少
471,a58d2a1890637bde7fee1e32a1433d05,2,中标次数少
472,c2adf21f3bc4524633df662a1a86bb0c,3,中标次数少
473,3108879d33971782de3a68659aadd4d6,7,中标次数中等
474,1fe4e2999476854cca8e73d6b621d9c2,1,中标次数少
475,833806ce3cae5d75d5ba1a2a7c33ba07,13,中标次数中等
476,b7c4ab2427633257632fdc4ab3c9284e,7,中标次数中等
477,d730f3064e17b60aeb3991793ed9c415,2,中标次数少
478,f71d64629f3236b5c08c881a55fa7ec0,1,中标次数少
479,d41d6f6fbb2705e2d2da885ec077550b,1,中标次数少
480,d4139b363e6dc4f26bba69aab93afd87,24,中标次数多
481,a24531245d1bc35b998d92a5aa91d0bf,1,中标次数少
482,34fbfb49085b6431052d8f995b777c78,19,中标次数多
483,f24800c94227bd92af7aaa326f5f65a7,1,中标次数少
484,f571cfcea5c3e943ec5b0c8f3f01af41,1,中标次数少
485,c71917f7f3a39236eef7a5721ca8a38a,5,中标次数中等
486,f50c9f79e58cd78cb8e9d19a4858892d,2,中标次数少
487,76a6091c9a456c460a3706916692bdd9,1,中标次数少
488,9044197eb8c73fa87fbe781ee9c9869c,2,中标次数少
489,7396de2ef0860621106f156da871a9a4,7,中标次数中等
490,3dbdcd420fe1e24743d57ac44c734e92,4,中标次数少
491,5a5d2d3789dad3f29e6f7d670d7b9fc1,1,中标次数少
492,3ab5234b25c3e9139707049713a4f612,1,中标次数少
493,d48d47e5ec45d94ef7aa7c663c8549a6,1,中标次数少
494,90fa50253a56bd68412a936c7d49f5bd,1,中标次数少
495,0d74e6e94b38bb2dfebe4af4baf51bf1,1,中标次数少
496,2aedf988229869db62f394d883eeb90b,2,中标次数少
497,feda48d02d5a203118768c09fa8b454d,2,中标次数少
498,a9174ccf1d314c1adadb530334ee641f,1,中标次数少
499,a52b8ac1a234682ca46403ce11edfb1d,1,中标次数少
500,0609a307c8fa1baf7a930241e86cf534,1,中标次数少
501,6ac3c299c3f1ec7bdef86718c7983486,4,中标次数少
502,7f8f910704a5a04f9e62e388bc46c2d8,8,中标次数中等
503,58aacac797292f993e5574852d0e992d,1,中标次数少
504,a3006d36bc0771c8d3421a89ad9456c0,5,中标次数中等
505,f9d9a5f1000ce44517993a546de90ed5,3,中标次数少
506,01b4aaa8b7c2b308e27a51158de11569,1,中标次数少
507,10014b95592582ba16c4655df2d7800d,2,中标次数少
508,5e673405d8a10b3f8c841682686fa505,1,中标次数少
509,b2f155fd36f4753e1bbe5004b2ff1b24,1,中标次数少
510,4bdb8f8c117ba1784f1cdd60da0569de,3,中标次数少
511,6cdc63cc5ef1a29622d50ae04af3cbb3,2,中标次数少
512,8856a3495b2deda9523bf84e4fb76c61,1,中标次数少
513,768b1f28526176d743ee8889261442f5,1,中标次数少
514,02ba89885a637235d94c675f4fe9a1f9,1,中标次数少
515,9041353c068b1c63248006ef2e612348,1,中标次数少
516,ddc2f08d220297e84f39e7ea536cf785,1,中标次数少
517,9e100e221ddb752affab5ffa3edccc66,1,中标次数少
518,9fce68810f62fb9b3515f69f1133f2df,1,中标次数少
519,00445eba150a52d64aa1d2e57c9866ef,6,中标次数中等
520,4c41fe6b0e2502a6707a1e49a93df1f6,6,中标次数中等
521,ecd63e867d4d1bca511666c62f938e5c,4,中标次数少
522,e28061bc1ea29af08a58b05e4b90fed8,1,中标次数少
523,fbbd208f7f324a3a0f7f58af95fd3969,1,中标次数少
524,657cbb4827feb5e66f5c115fdfef1254,3,中标次数少
525,8596bc2abebe8b042ddfc695de85deda,1,中标次数少
526,5249855a5175b36c29051fe993099863,40,中标次数多
527,7ad6400c6aba9d94d7aaddd3434f26f0,2,中标次数少
528,e2c33fe17cff6ff273a41dac80d445c2,1,中标次数少
529,85df00ec2ae929978ed894150886393a,4,中标次数少
530,0d7ededcfee20177f8b3e949d4a47f6d,1,中标次数少
531,5016dd793e4e58e4c6c44114e9294b18,4,中标次数少
532,4c0c2b34248aa0e12f8dcd0b6d3a1bc9,2,中标次数少
533,14482ca5016d3a9446573123b937a5c6,27,中标次数多
534,5486bd6cf4183dbd333afd63cd89386b,13,中标次数中等
535,512c20839ceaaeaed40310b1f5b8902c,2,中标次数少
536,cd29858a736a7fa6dddd1a18b43927e2,4,中标次数少
537,82650218e56c961acc3467c3c90b9712,1,中标次数少
538,0a6b78857e65a45c39736e28b195b5ab,6,中标次数中等
539,33526d7f4de105d8246d99af185f6fae,11,中标次数中等
540,9b490fe4aade9d29c8028ac7d9ae5d03,9,中标次数中等
541,a273d5a205a4f9e0ce8debbf1fac9ba5,4,中标次数少
542,b2ed12693234f9a09b1683e40b7585c3,2,中标次数少
543,8d163a8273c0b8b01ce71cef6166582a,2,中标次数少
544,ea41914d7b6a79da6d1739a209d4eefb,2,中标次数少
545,de1baa786c3eb3e6be71446c85e6f930,1,中标次数少
546,3d743176fdeb5c69bb168da623b582dd,1,中标次数少
547,fb31c73bc756c5a68c185f1b82ddf7f8,1,中标次数少
548,db1cd3ea31ed3cbd91b89c21f10f354c,1,中标次数少
549,eeb51aeff7d2405dc8a241667f65c82d,2,中标次数少
550,86e22e77069b2b6e7902f77dce7e7d15,2,中标次数少
551,5b1af5a385cef8f2cff0dae7f9c9c798,1,中标次数少
552,d3b01308ce7bcfb8b6dfc66195e83ba6,3,中标次数少
553,b6cd0e0455e2138f9a885bbff5b94add,7,中标次数中等
554,a51dd91df34e428879f963f4ca63a255,2,中标次数少
555,b98e8213ddf25eef89b853ebb4e1ab37,1,中标次数少
556,275fde4f5aa7d0bfae86452b2d69e5ac,2,中标次数少
557,e9e94903faeb0b2a19325844dfaa63af,1,中标次数少
558,f29979ec27eb2d812d9916434f117f41,2,中标次数少
559,232d2c86a6e28306c9de2bef293d5cad,2,中标次数少
560,88ee3763e2a10ff63fc0022e70d8ddfa,1,中标次数少
561,789e78d4efa6a64470712a5fadf51998,6,中标次数中等
562,a2047d519daf57401add96f803984702,6,中标次数中等
563,e4fbe9b23057132d1b6355e717f43153,1,中标次数少
564,09dfdef5f7eeca9d251cdb6e3e72f0e9,1,中标次数少
565,3845915016c013e06ef13ddd449c8a3b,1,中标次数少
566,beb8480fab79643016e87a53907f10c1,6,中标次数中等
567,7b575bfe480afd746b43cc69fceabd26,1,中标次数少
568,51de2a9d7f6ec7ffe37463f6cba43639,1,中标次数少
569,930550efac8f99fb498ac7d1b3209cff,10,中标次数中等
570,248b99f22da383d72633fc0ed8945c30,1,中标次数少
571,541acdc26e32fc82d49bad46b2c18405,9,中标次数中等
572,7ad71297d81fba9cd429f324ff3f4f03,3,中标次数少
573,55ed9092d89ba14f282a956c50a5553d,2,中标次数少
574,8c20f64e85bac14c8fe22ea9e90768d8,2,中标次数少
575,a54bbf5002b5318667b6baf8ac7e4dd1,3,中标次数少
576,4a92b89d397917c36a2fb0f5e7de23fd,1,中标次数少
577,993045ad7d2696b32cb16e214164d7a0,3,中标次数少
578,f625d56437d4101e068a9ec1fdd9aeb5,13,中标次数中等
579,c564cfdf125d7ede8350034c6dbc3d0a,2,中标次数少
580,8dde61a81cfa0bc4b6d746907ff467be,1,中标次数少
581,0232dc5175fddca83dcabe723e873ec5,2,中标次数少
582,853af04d133e143e0cdeb9c7292430b7,2,中标次数少
583,d0c4337d1054ddf2719f74cd8d2762fb,2,中标次数少
584,96a19a69a2dc5c0408545716063152f3,1,中标次数少
585,c68fe039042e8be71fd5bb49f0bd6096,1,中标次数少
586,9dc38d03f0783d4d2051584ff79af46a,15,中标次数中等
587,0600e9b9b52d33aca0aab37ec578ac04,1,中标次数少
588,380b8b583c63a18b6563b8815e940e38,1,中标次数少
589,6770d2bcd20871a11ca93d8d61489e45,1,中标次数少
590,98d1d2f7d239d092e2cc345c25d5005d,18,中标次数多
591,bbd7d47acd877a8ccef7133a0b7c13c3,1,中标次数少
592,0f17e581802e7be6b8ca3d4c1395b378,1,中标次数少
593,7d38fbb969c987f2acd9417106958eb5,8,中标次数中等
594,caa299c2197ee27c653100a1389c2633,1,中标次数少
595,491bc976a561ca0e23f6a67965251b15,1,中标次数少
596,3502169df61c8118867a5757ca5bc320,1,中标次数少
597,ef16aefe51cd2584a43d07513e132efb,1,中标次数少
598,d4a36016d2439a16a229608f241eef9f,1,中标次数少
599,d86d7d22b63dbce9995ff77832c53ef2,1,中标次数少
600,8eb534eaae40c71db4225e4ed8cd66c2,3,中标次数少
601,2465bb6a433db09989112673969db6ac,1,中标次数少
602,561fc9af628f9d3b42ab8bd7657b686e,5,中标次数中等
603,ec5fb69e28e25b2d4e676ed058d1f104,2,中标次数少
604,fe341d3b810c5a9743469525194f061f,2,中标次数少
605,a3a9bfe5f3930888394375f5af897df5,1,中标次数少
606,1871873661198c51546b47e0aa7d4211,3,中标次数少
607,4379eaef6ebbaa6feb8adb03be961957,2,中标次数少
608,a8f1f2f757870c44fdb2c2548ca73507,3,中标次数少
609,e1a3d65f7b936c1e27c3483e13acc36f,1,中标次数少
610,c0ef419c57aff2424935606344f73e34,1,中标次数少
611,d2f4d4edb031acaff82194e890c61c19,1,中标次数少
612,61455a6fd2a79e7172050ac9991c1b18,1,中标次数少
613,346c1741e4ccf62a106755bc4b261cb9,4,中标次数少
614,58a165e0e5f7894ad6754dad77a91e7b,3,中标次数少
615,2e2e4c675880880f9c71f84c161cad27,5,中标次数中等
616,d40661bd28995684da007cda7e9f422b,2,中标次数少
617,7e9317b0cbdb7e6f56eb1aeab3255630,13,中标次数中等
618,e2879a47972ce7ef8b5eafbd4e9f9aff,7,中标次数中等
619,59ef7aaa08f8b14ff131be076bd67d69,1,中标次数少
620,7e3bab50281458b8122b5fd3d20bc0c9,1,中标次数少
621,55434cf0e9878517be9a14edc33b7fce,1,中标次数少
622,bf9550a181eb4be7e5e8ef5f3b954da5,1,中标次数少
623,de7c45acdbc9e8b41fa7c5e93133db89,1,中标次数少
624,f880952c717cd88e456d634a3c24c12e,1,中标次数少
625,74f8d4972802cced165e3e0f85aee932,1,中标次数少
626,e8d197d73d7f4cfb15fdf197303b90d0,1,中标次数少
627,43cae910acbe98340fa91fb27c0ce9d7,1,中标次数少
628,82a2bd137e57b1bd4a3a1dff131022a6,1,中标次数少
629,83b963336f93eb72827ddde94b3c3316,2,中标次数少
630,f5e22bd0e376c5d02da37c3bd287f7b5,3,中标次数少
631,1aad7a4486c5e078ae64b5519df690ad,4,中标次数少
632,7864b047c2ae0668ef4a2d1d41124356,1,中标次数少
633,285d55b13d2ad8d2ca9b39793017fdfa,2,中标次数少
634,df07689fb43238558e1d76cde66d5e62,10,中标次数中等
635,b3d17f9a20aab0dbeaf45e49f4338d3f,1,中标次数少
636,fdb537c2295e1b30788dd9dd7bb07d48,3,中标次数少
637,735e4743146d33c9323f7708be853eba,1,中标次数少
638,4497ef01656c7196174017d420834109,1,中标次数少
639,8832a52aa7dbd0481be89ea19a4d06a9,2,中标次数少
640,eb98e7ec64a43c245f37b17d3af9536b,1,中标次数少
641,4abc16f0fc31973fe5088e2e9e5be2e3,1,中标次数少
642,6a1ca6b8dcb688bcc01bb41f4a485df2,1,中标次数少
643,b3eb5bbd060a4e7ed416d44189d8aa2f,3,中标次数少
644,88ba8470e989a4678e9d5c79e90d4083,1,中标次数少
645,4a30da7f44676e5939278c6fe42de75e,1,中标次数少
646,db867a16afadb1fbc2ccf8bb88ae17a8,9,中标次数中等
647,0279b07b043c5e9b1345d2f876a0b7d3,1,中标次数少
648,34935f3a165a1ea3fef5bef6965172eb,1,中标次数少
649,69d79de967941797180e1d368898167d,1,中标次数少
650,727eab6e9c27cca7329faff7b9c70ca0,4,中标次数少
651,139f8c1f5891bb7046ee220f40841e8f,1,中标次数少
652,a0ab5918ed52612ae17f9673a5e8d5c8,2,中标次数少
653,ef0ef749fe1fb37cd83ea2e8174bca51,1,中标次数少
654,81e757c8c96b76f847a78d5ca45bf41a,1,中标次数少
655,b6d224ac90332485abe43630bbc553ea,1,中标次数少
656,288702a5d6daf391bf14f5a3cd8c345a,2,中标次数少
657,ef67f6d7b522abbff6e41b3383e08789,1,中标次数少
658,51202c88ba7280ecbb5ce4113e7e642c,23,中标次数多
659,ed9174da7115ee4371b870f6f404094b,2,中标次数少
660,7612890ea42230155dfc403047a15f33,3,中标次数少
661,75293c6a108889bde3a5f21e3f180416,1,中标次数少
662,ec388ecbf1517308dcd38432a2e62470,1,中标次数少
663,3a0da0a2a34c074dcce6fddc353dd04f,1,中标次数少
664,6be8f3d268c63ec4f6c707cb64959889,1,中标次数少
665,7af3c3f1f263e2ab70010ec017a5eff1,11,中标次数中等
666,0c5b4aa39ce6d98cbd0f641197b163cb,1,中标次数少
667,5b56c31b67f518f807260c2fda67998f,2,中标次数少
668,d9f7922dc503038e48f43799a03a34e5,1,中标次数少
669,b16b6df209c5c3bf8680d2ce44fbb427,2,中标次数少
670,6c2462e66790622ff56f08ec41d0559d,1,中标次数少
671,518223aeb634b46bbaeb52202b1dc934,1,中标次数少
672,5d99e4a2d7b7efda19e62c984be17250,1,中标次数少
673,c91e4eba7dee87dc8c62859834771057,1,中标次数少
674,43d09883b75dc779d57f716ef44a5cb8,2,中标次数少
675,cc17832035bc9a91712d1371f7502f0a,2,中标次数少
676,b5e0529f67821d899e159b77425d0ccd,5,中标次数中等
677,fbacae50e0e3e2160222fe19211f63a4,4,中标次数少
678,621adc07d509f9d13d34893270939db0,8,中标次数中等
679,c9bcaa5fabd5bee96e585566419392c4,1,中标次数少
680,4caeb0a835aaf2cb076470605d44becd,12,中标次数中等
681,3f30aca6322ffc527becc9763b191e41,4,中标次数少
682,42b8bfc138ec11032e48d0019d11d388,5,中标次数中等
683,3d8d78b96076513e9c8b2151ea0d8fda,1,中标次数少
684,2b1c8dedb844fd37fc3f6c58ae06aeea,1,中标次数少
685,40c02330b2a96132b43c8f24f333c961,4,中标次数少
686,c3fce8b4eb30a6f5ca8ddf39e9871fa1,1,中标次数少
687,3a722034986143975ccde302957610c3,1,中标次数少
688,f706b7e63278607f991afb8d67ae854c,1,中标次数少
689,1a1784a5bbf29f36565e410ba972bb0b,3,中标次数少
690,e2c270e172c65281f77f70a7760cd78b,1,中标次数少
691,0df4a906a98594bd12199f5d4632cb36,1,中标次数少
692,6e20ff77661746677fc651d2d3d261a8,3,中标次数少
693,dc23eae61d64878235f39474f6ccae19,3,中标次数少
694,8cd62d02fdddb0aed5ccf5c1ed4b9672,8,中标次数中等
695,d5bc5e4409fa0e4247cc818b013005f5,1,中标次数少
696,df87f1230c6d461b84838751792c5bc6,5,中标次数中等
697,6c3d8db4b119b958f7da2d583b69c72b,3,中标次数少
698,1539a5c5e45ee6ed3ec0aaf5f30f467c,19,中标次数多
699,21f48e29eba9cfcbc1e0355ea922fe39,7,中标次数中等
700,beb91f9f7e5a257b5ef92ef75553b27f,16,中标次数中等
701,bc6dcd2f800447011a1b27a0d91bcd66,1,中标次数少
702,527ffa376cb45d6a581a6f515249fe17,2,中标次数少
703,d3dd15c84c8832af471d7f0543c62d15,1,中标次数少
704,439a7abe1dfa16937e0763028d1f1c36,2,中标次数少
705,34587b2cc5a9d23140eaf0cd7ad7771d,4,中标次数少
706,01248de64856b9c7354ec08b7586d0c9,6,中标次数中等
707,6e2d3f5fb56bbe2afa22094ed58ab8a8,3,中标次数少
708,1e9231009c4bd9bcbf1c85d41d500999,2,中标次数少
709,214f9add18ece0dbd7b9e683458ce9db,1,中标次数少
710,3ebf60a13cc40eac7eb0c0bcf7d8e17d,2,中标次数少
711,81bd90758746ff411f12cd385fb0324b,1,中标次数少
712,e02aa5c1d26594e9c215c4485fa9428b,5,中标次数中等
713,df2ec55ee80bd385ffe40117915b1406,5,中标次数中等
714,6aba0f2bd5567505b6a8e1b611ff217f,1,中标次数少
715,1ded16e97f4d63afa0128a306596452d,1,中标次数少
716,489daea1d806ad58f6786ca6a6eb8c23,1,中标次数少
717,04da5ba1774e345d2ad2914437da93c7,1,中标次数少
718,37144304398f5a8010c95e813d035f6b,1,中标次数少
719,109fdc9dae68b3213e35e937b6e31e00,3,中标次数少
720,ab5b1d0cc87095f13900e110570abc4c,3,中标次数少
721,d61819d2b61aa84838bffb2d685a0435,1,中标次数少
722,57592c971b583e2dceedb421c0dc4ac1,5,中标次数中等
723,33470d0910320d3373267a373263d026,1,中标次数少
724,763f85c41cb74ce925418d557d6baa8e,2,中标次数少
725,4546b18939eb11df412814882a70cd92,12,中标次数中等
726,5cb9747ffa7f9ea3425e474c5852213e,11,中标次数中等
727,00467f05f6f45eca78eb62eb4320202d,1,中标次数少
728,0fbf8b3f941b2868d1d310af2b677be7,5,中标次数中等
729,db22566966cf87cad37592b473822549,1,中标次数少
730,278a4a1087bec9ac557b552f5600e6be,7,中标次数中等
731,fb7c3bcae9b4e9d84389fe205150da38,4,中标次数少
732,a0e9d5c4fd19c9b4f1ef292cb5d5505e,6,中标次数中等
733,018935be601e4d821a6f863611684f55,12,中标次数中等
734,1ce58976bed468ef8748524bf4b0cdeb,2,中标次数少
735,e059ec5bb037677258a1b718ef1016b5,6,中标次数中等
736,ed7d10b3e188106d5d245e67463cf1b0,13,中标次数中等
737,93357b103ab836f6112f941c629b73b0,1,中标次数少
738,304c4f0a7989f94fe7778f5f048c06b7,1,中标次数少
739,5c16e0f7321c18131f35439bc6c11501,1,中标次数少
740,c8e9eaf68d70fe124bf202a17b2937af,2,中标次数少
741,1fbbd24b1b9cff65262c73a27b3a9a97,2,中标次数少
742,bb8a73b6fd59866da0685adfe9ae3cec,2,中标次数少
743,a6bf60a260bc23e8189e3be94fc1c1cb,2,中标次数少
744,b08d41336a91277b2160b6ee574792f2,1,中标次数少
745,9ebca872d47d817bf81b1991df65fa78,2,中标次数少
746,68e73a88f644a34018007c7671a5257e,5,中标次数中等
747,b278fc44f53b33cf4684f23b04199b03,1,中标次数少
748,e3500a9716cc6cc55346b4f2c2fbd458,1,中标次数少
749,1b2299b66b489a2fd76eca771a012f46,1,中标次数少
750,8cf9be0050dc55bf3ce88a61607230f6,1,中标次数少
751,e0a6b518352c6dfe9c8ee458785818a6,1,中标次数少
752,904e583c0746adcdb81b90fd354dbc94,2,中标次数少
753,1a812ca0cf39626c12a32dbee472ae7e,1,中标次数少
754,816c6b791107c9fd3b57381bd87e6144,1,中标次数少
755,c5828339c5c1ac9a3a40bd43acc4855b,4,中标次数少
756,00b7fdb599ff0ab7161aa1f807889332,1,中标次数少
757,363b7532ed1b9b307e5fc04397c8d44a,2,中标次数少
758,a8f9c5c3e6c74f5cc6dbef931e1ed110,1,中标次数少
759,18dd194af8463007d5266e7bdd737b4b,15,中标次数中等
760,e0e56a45c1c6a3f3bc514fe8c8b95a3e,2,中标次数少
761,f54da8b20e5d03494095c88f4b3ee067,1,中标次数少
762,cf6bad06af506343b051772ed533dab2,3,中标次数少
763,d10eb2299e08ff0cbeb86f5bdbf584ed,1,中标次数少
764,14647669ae3db6504c012c659ba28e23,2,中标次数少
765,041e4165c88fe0f0b037ca2aa715cea8,1,中标次数少
766,2416389346e4740dc0b4fe32a62430f1,1,中标次数少
767,8ab1c65fd9d13637689fc9cfb1b4dabe,2,中标次数少
768,3a81126fd017c7fb140ff559513ab269,1,中标次数少
769,c7a5b56245867c972ac23dc33590de8d,1,中标次数少
770,6d5dfe8e8080957ca21d8cc07f9e5a5e,3,中标次数少
771,0be1d951273b3499e34789970f2afa87,1,中标次数少
772,e274f40dc37f3fb46060216875843be4,2,中标次数少
773,0c17608fd8ac01e4eb99dac369c1a596,1,中标次数少
774,fdbd844a890b3ada5b76688f3fbcb761,15,中标次数中等
775,eff00746e6a8870bda0e3fe85e2d9a04,22,中标次数多
776,08a3fa5deb6ac482e55bf88db767903f,2,中标次数少
777,03c56379baee13b7156e535613429e1e,1,中标次数少
778,f44ce608c6ce841ffdef2993a60c4ecb,1,中标次数少
779,bbfb91c5e71f67b96ea5822c8250df71,9,中标次数中等
780,8d3ae8c8acf0369a72bc66e5372afae7,1,中标次数少
781,2883402636df3bb80ffe982fb66f7ff1,2,中标次数少
782,73412375378cbcee26c3305692a786bb,2,中标次数少
783,5acc6d1323f05d09bbb64dc982cf4029,1,中标次数少
784,17231b61324a202874c6b6b96c647bad,1,中标次数少
785,4aed5232f37ca5100f9fa6f6e7bd9f7a,2,中标次数少
786,2d9a57dffc7bea7ac7307c0677cc949b,1,中标次数少
787,b4ea6499df8a1be1223a634e8cbe9098,10,中标次数中等
788,475ef88de141a4bef25ea7b67ce69fb2,1,中标次数少
789,9a7d71157e6f34dd202551b5f2a28d67,6,中标次数中等
790,b29b15e65c87863063583b9cb244a2e0,9,中标次数中等
791,914ba8bd1ed8dbb2df146959484ad847,1,中标次数少
792,f26364c465b0f39145cd8f56b2cc9dbc,1,中标次数少
793,8d7a0cb343e886e3f25214ea6ba85051,1,中标次数少
794,dfbdda5fcebc6fb8e41f3dd614fbe83e,5,中标次数中等
795,a84a9cec232c5adc02132c214dda1bc5,2,中标次数少
796,377b1b3c78e86375433a377d278a6db8,2,中标次数少
797,8f026e20e3ef6bde4d616086c8a62783,3,中标次数少
798,8659e2555dd6739ee838258777d868ad,1,中标次数少
799,866b5a6970ab0d42504885ed363e7317,2,中标次数少
800,227d9533f7c6940bb88901e89878917a,1,中标次数少
801,8aa3892b39985b4c8f61e062c83304e5,4,中标次数少
802,07e47df724c95cb5939f9e661b1169a2,1,中标次数少
803,2af826eddc9f8ade385517ed4765f2b7,1,中标次数少
804,bb076db8aaf30c7a5f52c3f4edc83af9,1,中标次数少
805,b4ff9ef5229c7dcefb879acc509cda76,1,中标次数少
806,3fe88bf231d58b7a4163d3c54b4e60d2,3,中标次数少
807,7bceda55b70ea881dfcfabeaa9a25d68,2,中标次数少
808,df4ad5c8e8cba284f899d5771a8c8a49,1,中标次数少
809,9f89ff1f9d2de6f83a605eab3e6cf662,1,中标次数少
810,c4aa2f8bfd9a945298fa3f4fdaf5f64a,2,中标次数少
811,559a94abfc47883b5d000639db2afc1f,1,中标次数少
812,bdc2e15a4a56b8286d4b8b8e08e9dd89,1,中标次数少
813,cbe51e699e357948d449c5c8824666c1,48,中标次数多
814,d286fd940e468263cb634f3502d2aecd,1,中标次数少
815,fed7812e6105f82c4d619f60304dd994,2,中标次数少
816,ade5aaa0c6036ca49ef57c6c6e7f5920,1,中标次数少
817,20b26e4be2c44adbcd89d83af87600e3,1,中标次数少
818,7f76caf12e9ec326b15e4d7e6f4b33c0,8,中标次数中等
819,52543b5013ab640802bfba9b65f0adbc,1,中标次数少
820,96645f2e0a1ed1c691f429aef04a94dc,1,中标次数少
821,2fd2c2bca9fa3743fa0c2946ab20127c,1,中标次数少
822,854f65f1092a6759c0c46fa173ee9780,2,中标次数少
823,fd994febabf013d8c613da0be9fd8064,1,中标次数少
824,d25a584713a6cad40d19db8d95c7d7b0,1,中标次数少
825,c2a63ca25c448ffe96fbde15b9057bf7,7,中标次数中等
826,7c567a24c57a6f352f851187d866a51f,5,中标次数中等
827,1ab22b83b8350a75d9b64b79a71c28e9,5,中标次数中等
828,1aac47e6f6ba793d0a6887da634ba7a2,1,中标次数少
829,34c08c378a4c975ae3e00d4e7bf75f1c,28,中标次数多
830,d92a7460348c915126a3ea81f3a3a414,7,中标次数中等
831,4f02f6dfafa4fc7b23c59bdbbe26d5f0,2,中标次数少
832,2dc3a1a5a34e3d0039793f9b1947a060,1,中标次数少
833,57afdfb391371ad58bade763c0238475,1,中标次数少
834,8329be44f8e00ce5e59bbb83bbae31bc,2,中标次数少
835,b41a8e599f62b3ae39cba158b46374cb,1,中标次数少
836,40578405152a5e7e1fd8eaadf25b27d7,1,中标次数少
837,df7590b1ed7dd52eb041222a7a946889,1,中标次数少
838,3c919bfa9337a1b4fc4451cad5503801,12,中标次数中等
839,07b178aa0390c22567ea4f2621f8c190,1,中标次数少
840,93b27ae0818402291786749d39e73024,1,中标次数少
841,268fbf6a6500ab8a99a3119a1e8c0045,1,中标次数少
842,5ee01c0d701da9fec48e3798c849caf8,1,中标次数少
843,9a000996f378b11630c1dee260997038,2,中标次数少
844,a3f849a2df2ad70824695037b1803877,1,中标次数少
845,93aca4833c0e2dc75d130f55d0c6893a,26,中标次数多
846,07b2998f94d4258580372c8a5cdf6fc2,1,中标次数少
847,d03b15fb291bb26d1dc975a2d4d8e383,1,中标次数少
848,d5bb3925d34b5e611b6b211bd2dcd1d0,4,中标次数少
849,25dedba08ee831ec544afddf1361d428,1,中标次数少
850,ffd2e3b3a6da8508ecf97ad1c029d347,1,中标次数少
851,bc721ef2a7d2d4220bb067451589cc29,5,中标次数中等
852,6bee2c8596c8fac8f96dcf1b7263de85,13,中标次数中等
853,756a0d8dac16ba44b57d6887582c75ac,5,中标次数中等
854,9de6dfc4dc3219f5e1fb36e20745247a,3,中标次数少
855,c2a53425deed3afa2c1b674e640ce0f2,1,中标次数少
856,de89051a65ff6c9156523408c2a43ac8,4,中标次数少
857,33bf48fef5312244039c544c355ba49a,1,中标次数少
858,a7c8ca10652925e8fcc8c6466cf6b28c,1,中标次数少
859,562048307c46760dc2a907a8e66d799b,1,中标次数少
860,1de3226964cb598a912f949c3354a164,1,中标次数少
861,f08fcc46847629082872f87e4729cd3f,3,中标次数少
862,65efd8ead73816e455bea6500124a647,18,中标次数多
863,bd0f72de516cf965f4ee8b2caa0f48d3,1,中标次数少
864,cd8bf865f958a1a93ce5d0fd1646de61,1,中标次数少
865,2846dd60e1dc611563544d82fb5e7d3a,12,中标次数中等
866,709b6f1acffca7043df38e316dbece47,5,中标次数中等
867,3c1420365479053384ddaf067bdcd9e5,1,中标次数少
868,d28a63b2b522d4275992aeb69c47ba33,3,中标次数少
869,b4f6d002d19ec555fb40befa9daf2144,1,中标次数少
870,464d5ef81a4a9830626edb44f2444c79,1,中标次数少
871,ad5683338a6248800d935d1686658732,9,中标次数中等
872,f7934f619c22131edbf3c959ddd50edb,1,中标次数少
873,f19e1e2be3fee09fa2b9efe17e4ba0ce,1,中标次数少
874,a0dccd52e73660bbc2dbbe4b0448732e,1,中标次数少
875,d220a7c290e9e7e11aa6321fb6fea181,1,中标次数少
876,bc3ec6be3063256d5dbdaae3988751a4,1,中标次数少
877,1119c2c929a2d2d83593f040b5b49430,2,中标次数少
878,58ef005a16e3d0a547058b1563023d73,1,中标次数少
879,04d3cfb4193a7048e5ca159a7ecb7b92,12,中标次数中等
880,7f6483ae5445f1dbd7d85f0c666cf712,6,中标次数中等
881,28509315c007554813137e63d98b727d,3,中标次数少
882,e098b8133cd9e17750031134f1609eef,10,中标次数中等
883,1e48a96486b9cee47aadeddbf2088f46,7,中标次数中等
884,f72b97b73db3dd76ac279e189ab1db2e,7,中标次数中等
885,535277c49ca76890a1190751f7b8ce9c,1,中标次数少
886,dfed970583da20946c1672ca0f34eaf7,86,中标次数非常多
887,7d187eb35f2160e17b573926bc4e68c8,1,中标次数少
888,b6c5b4e4f342ff409a275140288ea1d9,2,中标次数少
889,f5b47500f130cb195b115d8dac474c28,1,中标次数少
890,13c8e2ec8ea0653a137c9bdc75b5c39c,4,中标次数少
891,cf1ce3bdaa10cf55e712fdebd0e327c9,1,中标次数少
892,3c810bba16f1eb46f0ba5a16e3456eee,2,中标次数少
893,5cf29d2daecccad93b9754c9ac67a4b6,2,中标次数少
894,9ba997755bc12b91e8dd67780db386bf,5,中标次数中等
895,8920f1d85397500f9a4c3914f70cba3f,3,中标次数少
896,50d9f8d12f27335e5543a017f4f037e1,1,中标次数少
897,1995d4ae6f5c274ebeb852fed545410f,3,中标次数少
898,5e0c966151eedb2aaa90c15afff07fd5,1,中标次数少
899,18777dc1d8cd4dfc82a0b9ec494e07fd,2,中标次数少
900,acf2e3789ca9007d8e79d24ab7adca8c,5,中标次数中等
901,9a509c185601521fbc085bcc64e4ee1f,1,中标次数少
902,d1ef2792a6f88a19ddf46e8b97dec751,1,中标次数少
903,33bce80bd3b2d9ec602c20a2f590e581,1,中标次数少
904,f457941cea3f7d8867dd686c548e7aaf,1,中标次数少
905,927d8bb61a95982155b0d2e9d1bf22c0,1,中标次数少
906,7cf660a4a27d3189e33fd7a3f93475c4,3,中标次数少
907,c0624824efa4dd469a583161dfb6bb32,29,中标次数多
908,6bcfb22c6ef16770863e67d3c33951fb,29,中标次数多
909,e7ed8ad2b1c5fb6c464dc8c9e813592c,42,中标次数多
910,585f39ba6c3249a1a7d4b472d19cf6e2,19,中标次数多
911,2a6e62663e43f809d594c4f98afb7dbc,1,中标次数少
912,65c3be8024f083ee0467b2316c4c3766,3,中标次数少
913,c6a3bc6e2f99d6d6d87086c012053396,1,中标次数少
914,d3c016197a7af6fcabcc3185aafa1e19,4,中标次数少
915,5d6ae499701444fdbfcb8a62f2a46c60,1,中标次数少
916,5588c067eaa26d9ef4a6086297f4cbb9,2,中标次数少
917,a64959ebd5fd94cb95a346c5363aaa42,4,中标次数少
918,474c15b8367b92aa99fa4eebf63a14d3,1,中标次数少
919,43ed466a5a0462b7b6c7a76f3512ffd3,2,中标次数少
920,4d3b32a1f76558c705ad1f9f9b9667b2,1,中标次数少
921,9b462302c501f320ac910953d52004fb,2,中标次数少
922,4c4a7a0010f9bd94d0571c282b3d7de4,4,中标次数少
923,95357b7c52d4b332c1e1de0526ae6e47,2,中标次数少
924,2b1320a2ade816236b5e99c3dee5f86c,4,中标次数少
925,512456dfa25e42513dcbbbf8172716bd,2,中标次数少
926,904104cc36055bf35270c35ae0f9c2c5,2,中标次数少
927,d690534da5c1e3ec27a606137888739b,1,中标次数少
928,90b2f378d5abedc39c9d683abc615c44,1,中标次数少
929,409284bdf808ac0c5448fb743d24d6eb,1,中标次数少
930,b4ef787a448ad9775267c9a44bdc57db,1,中标次数少
931,f4f7af99fa218504734c5d2824028fa1,2,中标次数少
932,8c592f40f390fa558650cedc51dd09f2,2,中标次数少
933,dce082084e7b510cb9fa0e15e354c00c,7,中标次数中等
934,718215c4cf9be8d4dd9f381ddaac1beb,4,中标次数少
935,0ca6272d2e585bce30c27652b55a300a,2,中标次数少
936,cce7b0583761ca68dc02b6520feadd0b,3,中标次数少
937,a639f28f1939e5872c1e845992c3a046,1,中标次数少
938,fb82b558e218e9f90130a1e3fc107b6f,1,中标次数少
939,9aef86c1a184a04da00ecb8287b7aa40,1,中标次数少
940,0c02e2d1239498e181bd8d8b31f969e9,5,中标次数中等
941,923aa9f838047945a20b285347f4a509,1,中标次数少
942,009644071bdda664eac9e9f7e693e7ed,4,中标次数少
943,585abe92a64f041e2d74cfa2a0fed760,1,中标次数少
944,0d63475fc31b06ec8aea923804a70ed2,5,中标次数中等
945,6a7d3e71ff57603665f2085ac74a854e,2,中标次数少
946,2020a42dac5052015dbd9e5e862e5874,1,中标次数少
947,6aae965186d18d8db57c6bc4caeac832,22,中标次数多
948,77e73023b593b5273767640d9b8283af,1,中标次数少
949,781c890fa0021118f134360f82257eb5,1,中标次数少
950,c9f35dbe3069a2d52622172f56ced7fe,5,中标次数中等
951,af65c90bad36a3dc23fa258c05504ae8,7,中标次数中等
952,1e18c4ca330931beda60658ed1c49914,4,中标次数少
953,3cfb7792b58756b3ea74f1282f407f46,1,中标次数少
954,d56928a32c2c80325d2f4411a7097216,1,中标次数少
955,55f55b9c39db4ad64317348d8979ec81,9,中标次数中等
956,a8822f5bced871d02b7f090606d93c51,1,中标次数少
957,187d6209a8d71639ae283b85a6d56a99,1,中标次数少
958,a45de0c6754e58be66b6c3d75e00e331,1,中标次数少
959,f0441e7349b4375c93d7faeccca0fd8f,1,中标次数少
960,59c4a34e6ce9d0168ae5c3f52eaf38ba,1,中标次数少
961,4fbb53f997459708a396bd6e7a3601f5,3,中标次数少
962,b83c868228eda9286f5035b24f66d735,1,中标次数少
963,2bb3a6cb68484d2135270e7ba3b8c199,2,中标次数少
964,ed7fdecc84d692556e77614e44d35c88,1,中标次数少
965,e352f22a5f3dbb541cd882aaf5728aef,1,中标次数少
966,d7bca20f46d3ea7a26210467212d1393,1,中标次数少
967,9053d5d65a5f30e78fe7889959dacb12,3,中标次数少
968,078cfd63951bdc9c40c562de1b8abcb4,1,中标次数少
969,029f9924f4f1126dff9d5380b367fb9c,8,中标次数中等
970,06998d4e2debf6ac71fcacd503188404,7,中标次数中等
971,0e06391e2bfe94341568d5937663a1aa,1,中标次数少
972,89ce3fbf4b60eb608f0a5fc7e6d9e396,1,中标次数少
973,724ba0b9392530c8fcc3beade8f0c4e0,2,中标次数少
974,70273fac52b4cf69a551915067eec62d,3,中标次数少
975,cae6f9f5f2c2820f10f3efd83333c63a,2,中标次数少
976,9986d80700d71c0f82691e408411799c,2,中标次数少
977,830c3415348582ba559bab0ac7284147,1,中标次数少
978,3af646d24ffab9e38a59e0fae006363c,6,中标次数中等
979,075e29ae21127cc2558aee42b04ffc0f,2,中标次数少
980,26f4b5deab23242426d3cf6090f23946,19,中标次数多
981,96d72a254cc752396eb028859e491319,2,中标次数少
982,da6d7a96aa6020d0e2635656ca326acf,5,中标次数中等
983,9fba5636b5a5e67fb28fbc9174d10569,2,中标次数少
984,6bcd7e0d3a85f8d6803c4aa37c5ed3a4,1,中标次数少
985,edb4c5f20c299befb388e3268a5ef9d6,1,中标次数少
986,fcfbfae53ae088c4902257fd4ada9b00,1,中标次数少
987,a3dc9ae16d1961eba71db128d3dba2a6,1,中标次数少
988,498e6ffc900469730eb388ac4989b5c5,1,中标次数少
989,97ee8bcf5dd7c6db8508d29285a9f1eb,8,中标次数中等
990,723905d9d691e03a67374e7a58e66cbc,6,中标次数中等
991,4dcac538ffa6eac62d8c4f3415e0ba32,7,中标次数中等
992,cb5f95e94ee1d626840810c8d54fc26f,1,中标次数少
993,145cf2b91aab43aa5ebb457308ece4e9,2,中标次数少
994,025a69d243abc23e170be26714e7068b,6,中标次数中等
995,adb24932a4035804a3df4496c578eb23,1,中标次数少
996,7cb01b9f4c7962f0316f3620cbbb515c,24,中标次数多
997,1ef0dce2df1a7bf6ee5f3e3cfadbe7de,1,中标次数少
998,1793b744ab96ae1874abe6243d58c9d9,4,中标次数少
999,43d10d6d9939b456ec84af04cd000288,5,中标次数中等
1000,e3a9d88c1451040e3f60f1d400eefe63,1,中标次数少
1001,30bebb4b03b84d21b3cf5c3e66c5b6ad,2,中标次数少
1002,a1b189d2aaf1517328f19f4b189b337c,1,中标次数少
1003,6720fdc43d326cb30686aedb9144c80d,1,中标次数少
1004,699858401c2b3d9d309579d2c2bf40aa,1,中标次数少
1005,360739c2b52bd96a1e80ebab54de3762,1,中标次数少
1006,fe8cac506c1155ec60f73be4dcada70c,2,中标次数少
1007,a1bd22ce8d12cad201b6fa0edea61c50,1,中标次数少
1008,facb31f91a8c9170dd0ecf3b4b0d8202,1,中标次数少
1009,8ae48162807ac5417e557d268aa9616e,43,中标次数多
1010,e91dc17954333e4abc7714f964581d7a,1,中标次数少
1011,83cb39af7eb3ea4cf906e6dc36d83695,6,中标次数中等
1012,d863a8cc312aef04a302252f1a10a667,2,中标次数少
1013,d43be1bf6caa48183fef7f2d297fc514,1,中标次数少
1014,b0c50eac590a4fd73bc2821714f8b3db,1,中标次数少
1015,abd7927d2be543920d60bfd28e1d004f,2,中标次数少
1016,0062d7d8b27beb7a2c062dbc9c90c9de,3,中标次数少
1017,427d75714db87d2c8761f140e78cf121,2,中标次数少
1018,266b7bcf55e7c80e79cfd56be862b0b0,1,中标次数少
1019,65017889911d6de8bf5567bc017c0a3a,1,中标次数少
1020,270de4cf7a1de8f6dff1af3c358e407e,1,中标次数少
1021,0667176faa0f9a27ca7e29876cc866bd,11,中标次数中等
1022,634bfea0bdb8b24220bcb853e4241a2b,1,中标次数少
1023,4ca4a13906fdc5a48c08df1d5d996a7c,2,中标次数少
1024,9700fbe810cba5f0dfc45b85bf297c02,7,中标次数中等
1025,70d81721fbcd67c388852f1fc206404f,5,中标次数中等
1026,1051825677c32b7423cd3fc549ce8256,6,中标次数中等
1027,b4d46de8f19d4a316be63a8691898fd8,8,中标次数中等
1028,3b2d2b1bf5d5b574c3a20550aa2e8d76,2,中标次数少
1029,dee7792ebaf70f12cd25ddf3f9aebdd3,1,中标次数少
1030,72a4f7d6929c7c7cb8c2d5a92b1f3145,2,中标次数少
1031,165d1aeda70e6b45055d589538651586,1,中标次数少
1032,74ae9d9e079d778911b151382489d583,3,中标次数少
1033,40cd1fbecda49472996aefe0c3c0f2ce,1,中标次数少
1034,392335f53569afffaca8797cf0952e44,1,中标次数少
1035,462c8cff3fe3945a22df1dce1836a4bc,1,中标次数少
1036,c5faaa772b55b96e72a2f31c2e26ac06,1,中标次数少
1037,c6bbbe80f357755c71ac04322d4075d4,1,中标次数少
1038,27a052118609c039550d331705b333c2,1,中标次数少
1039,9ceff2ac0e26cb5b33ca42fa3f401f04,4,中标次数少
1040,0412c6f3f242bda4864a64bae668b55f,3,中标次数少
1041,9532ecd76d03daeca4dfd15c02d99245,1,中标次数少
1042,8099bffd74a15d923ad5b613b944dac2,9,中标次数中等
1043,172ec97c14ae11dd5c2d210be27b75b2,4,中标次数少
1044,4109df4c6b2c3fa66952afb8328fd79d,2,中标次数少
1045,2f4091d445624cc77becdd048c5a1563,1,中标次数少
1046,238f531dd17616c92ba8f88c9d906380,1,中标次数少
1047,824c6472429fc1595ec6462ca788f648,1,中标次数少
1048,19a10913b614b6a3271dc6b167b1a943,1,中标次数少
1049,038b10cc6da6e75b444c918cec44ed53,4,中标次数少
1050,96231242a73e1937bedd9bda8eb690f6,1,中标次数少
1051,bba038d7814e2dbf811781119b54d987,2,中标次数少
1052,242ba803900e28f7089bf6b69379a099,1,中标次数少
1053,6f62010092df52723461759b1927aa19,17,中标次数中等
1054,2f6c2041dfcd210c7d1cafa677aef8ef,1,中标次数少
1055,033eeda86344362efce73e41c537d005,1,中标次数少
1056,5a523fe6c96ac52c787cfaba967d278f,5,中标次数中等
1057,9c8caed25bb7670235c9d3b6ece332e5,1,中标次数少
1058,ed3d1ec1f27bcd1bec9636bb41dc16b9,1,中标次数少
1059,e513ba5deeb0c0b93acdf8a4437a76d3,3,中标次数少
1060,3f7dd4e5ec54eb8b7a999905a0b2f8f8,6,中标次数中等
1061,9dcce7f7a87a8b4302e3d61177f8e500,1,中标次数少
1062,41ba8799db46669d96f41c24ac005c26,1,中标次数少
1063,75fbaa9ca661708e892c5420709283d6,2,中标次数少
1064,6574f85f42ef1ddca163e4c6d3b583a3,1,中标次数少
1065,b2f2ff064f58ae9c256f084fe29ad11d,1,中标次数少
1066,05fb3aa632598974fd4eb4e6d5eda627,3,中标次数少
1067,d40e1bef0970f28bfc3044a9627a89f9,1,中标次数少
1068,af9c04849057cadc9fd97ea6d14d1626,1,中标次数少
1069,bd7bc58b98a850158c7ad684a3bc67ac,2,中标次数少
1070,6224ffe1a59f7a791c48c965cf5b88b1,1,中标次数少
1071,b0c287c26be8ee39aed5c2a226baf70f,2,中标次数少
1072,742e346fd4dd479ad122886d5d0a723a,1,中标次数少
1073,394c6d5a0f1c1de31878745c2400798d,1,中标次数少
1074,3880d0e39268471f685629dc6442b9b3,3,中标次数少
1075,0a17e9f37fdb36637c4eadc7ee223dac,1,中标次数少
1076,dd5d55e676d0e2336bc3313629b4a5c3,1,中标次数少
1077,686bf50b2d0aec46d1cdcfa431cef473,1,中标次数少
1078,83cc636d5fdf3ba23f7d7f2ca585f6ad,3,中标次数少
1079,420da8cf1ded839f532013485064cc0b,7,中标次数中等
1080,6f51c57c742064aeee1c8b9d66df8505,4,中标次数少
1081,027a47c35e92afe3a284f521d6bb6117,2,中标次数少
1082,02061065cf5850b91453eb3eb461bce0,3,中标次数少
1083,5d468dcbdfef0fbaff3bdb44e79a6f72,1,中标次数少
1084,5fe33d2225be73b8c74d9201fdf72cc4,1,中标次数少
1085,17cf76b8665a73f13465805b570af366,1,中标次数少
1086,b5353db8ee8e8dcc07e11ae17c82a60a,1,中标次数少
1087,1a8f1e03c107d05bd3d5255a4cd1a034,2,中标次数少
1088,1b65ad78e85b0e40d0efd2ab5b0c4c2b,10,中标次数中等
1089,9dd90f5343e36fb8ac0a334bdce83cbe,4,中标次数少
1090,2c5a28427324d81ae5a9e88a9175f0bf,1,中标次数少
1091,2024bb802bf288c3109c03d765fac269,2,中标次数少
1092,f9326e8011135a0cce4d8fdfecbb594e,2,中标次数少
1093,1124dd87f372080e1e796519470f203f,1,中标次数少
1094,9ac69247dc429b7704dcdb1af5fdaae4,1,中标次数少
1095,3f42a97db21941e5033b7ae054dfaa79,12,中标次数中等
1096,d5a3ca5e176c45407d011ddbb8e0bb77,4,中标次数少
1097,d0b0c9c1acddd3a58a257087a58df683,1,中标次数少
1098,c73115860a42f67322463841c8d6f0e5,3,中标次数少
1099,0be58066d464e0f707af96e00ec64c9f,1,中标次数少
1100,2916d8090109131245ac7be29e5230ae,2,中标次数少
1101,b2406175477c6b62eb348e497a8037af,3,中标次数少
1102,4e889a969ec721631b70b31abd3e5344,3,中标次数少
1103,8dec0d45e0ce4291c1440bc2911e501a,1,中标次数少
1104,df2d8b50496d03b96f0e8014840cb6d7,4,中标次数少
1105,06766fdd31ddc204df6b7bbc30fd8b62,1,中标次数少
1106,684976c2693f3d6655b22356ba97ab7c,2,中标次数少
1107,86cd399ffd42a69bca8d9f302fa7ba4c,1,中标次数少
1108,3f836433f16251b3120fcdf9f8823c04,2,中标次数少
1109,80ee84965e6868637d2765b3c1f508d1,1,中标次数少
1110,e1e1d3f39b287d8c23a682795deff29d,7,中标次数中等
1111,81f025c277643d0335b7beefe316e9f2,1,中标次数少
1112,76541b8c7cedcb8edeec6a55676dc2a0,2,中标次数少
1113,6233410dcdbba98d0db3c0d447e0e567,1,中标次数少
1114,e30cb714efe2ece7bc6b4f14005d7e05,1,中标次数少
1115,107757a144c4571413321096bcbfef7f,1,中标次数少
1116,ea6f6282261e11da205a406ac0d0fadc,1,中标次数少
1117,4f1018ba470e23484a0d011f2621d6be,1,中标次数少
1118,c5609ca6e726e67d83d900a2cfc686d3,2,中标次数少
1119,05498fc9dbb696adbad03865daeecdf9,1,中标次数少
1120,5ad8f9db64f1b745bbde1edc44d934d9,2,中标次数少
1121,e50be359439fac1f146f312e69bd8f74,1,中标次数少
1122,01adac5e4fedf93c9c1dd18b5c80fa47,8,中标次数中等
1123,490bbb9076e907b2ae045c75e0adc2e2,6,中标次数中等
1124,a686beef61f42d60efc19fe306021f9a,1,中标次数少
1125,cdd721c6639f096116eee649adde4f50,1,中标次数少
1126,61a88be7973c0b19feb1a3811d43305e,2,中标次数少
1127,a19ad6ba08794f5ef0fd2d3d8b78ba62,1,中标次数少
1128,4aa9ad3f5e0860e5f7612a318248b367,4,中标次数少
1129,036faa448c160ee7735eccd00c4c370e,1,中标次数少
1130,7b8ee176920613251ff0b343b3ec4788,1,中标次数少
1131,77255a05b164ce12f02d664fcdd8797b,2,中标次数少
1132,f3465ad7c07282bd2fbe6070fafebde6,4,中标次数少
1133,cf55a01d91d4132231fb7565a3fb8c2e,1,中标次数少
1134,d4245afe3b4948834281617ec3e49655,1,中标次数少
1135,299b8a543f78bb75b16481a67d7af15b,2,中标次数少
1136,a2e9605de443f9dfa8a78455c6de728b,2,中标次数少
1137,67c505814bc2bae0bb432b138b5a8e08,2,中标次数少
1138,56556aa0fe413fea0eb82359821d503c,13,中标次数中等
1139,3db513661e23743e2e1b616ecf8eca09,1,中标次数少
1140,098104185a419a4451845dedfd97a563,7,中标次数中等
1141,ae1d5b077a8073e151f9aba6770a6578,1,中标次数少
1142,ffacd86c2042baea7e48f042c9819330,4,中标次数少
1143,296d832204e8f9c7388d749d1e1fb42c,1,中标次数少
1144,acec06af720ace86e4f37fb4428419ee,1,中标次数少
1145,0206d7a95d77653504d6f663e1f3a488,2,中标次数少
1146,932071a8c77afd9cdc1872e1b3e23449,2,中标次数少
1147,19f9d85e92134b7e6179add79e6d82d1,3,中标次数少
1148,fd043dfc9c31f95c002da2f1dee648c3,8,中标次数中等
1149,5589f815e09a4e12a2a2667fa8e89d52,1,中标次数少
1150,99f507958a4c5dd7965d5492a0278602,12,中标次数中等
1151,23e15582a5b69ce9b168c32d655a8274,1,中标次数少
1152,f38bc8b4c0e60cbb4e0ddc08ffcd0232,1,中标次数少
1153,fa8509598e736f3aae7e0d27cae838cb,1,中标次数少
1154,0fa902f6ba6d6e1764c94855899ce285,20,中标次数多
1155,e734b8bcd159e076f2820ed610c86923,1,中标次数少
1156,a7f8d06cbab38a3d9b8bf522d307d280,1,中标次数少
1157,3de155586d50d4e3127f216a908e1cc3,1,中标次数少
1158,2393d4e4bbb654a7a62b254cc3808599,1,中标次数少
1159,0021fd05a19fe0abb2a0e2af3a052b9a,4,中标次数少
1160,b398a29be9d2d51c890bf514c0614528,2,中标次数少
1161,c4b63ebd70e9af399ebf074bb8fc6821,1,中标次数少
1162,dbd65cde6e9d38cb736479300a513531,1,中标次数少
1163,3011deac7d3424b0f756613efc432fe5,1,中标次数少
1164,a9e471da6f52ba9a34bcfbc70bad68db,1,中标次数少
1165,3d55783b0a870031e5ef074b79bfd183,1,中标次数少
1166,9112850f8293f640beb79f7a8699bb0e,1,中标次数少
1167,d0deba9ddf7bece7b717fc43c1bda79c,26,中标次数多
1168,eabf7d8f4cc4740c9389106da2325710,1,中标次数少
1169,04bf0a44f58e5558d3ec8f289ac0958b,7,中标次数中等
1170,e733d36bb7e61c33def90389db64ef8f,1,中标次数少
1171,5578c948025fadc6089c031c984fb958,1,中标次数少
1172,2ebcf288f69aaadd00249887256b5b7c,1,中标次数少
1173,193bcd6047b2143be6e7675f063a8756,3,中标次数少
1174,e85a72b9973a0dc188b187ee52cc8128,1,中标次数少
1175,b450b4c869bbeeda83183165cb4dcdeb,3,中标次数少
1176,d16e6ca3f7433e05b1df22edcbe545c1,1,中标次数少
1177,f8893a5dcf066368a804ae5ba9fe3739,1,中标次数少
1178,03d2700df667fd83a0ad3ca8171fdc4d,1,中标次数少
1179,b9a1d5ebcdeb631eb028c3a07e03d59a,1,中标次数少
1180,3f18aea8fe53cd157a9ac367c3392e3f,4,中标次数少
1181,78c8706b45952d753f3b30620eeb5ee8,1,中标次数少
1182,9062fd5e8d10c0d4c557bb993c690ede,1,中标次数少
1183,152ab0e9da2dd096a7c8f0204903c353,2,中标次数少
1184,ddd1277ab39cae6385b0af36511b0649,2,中标次数少
1185,c3e860429636fd39a6fd829cf7eccdae,2,中标次数少
1186,84b89ad939b28db62f2cb18eea4a1f39,5,中标次数中等
1187,e767c8159aec664ba321a67ee660c601,1,中标次数少
1188,7da9b5ef61dbd01bb33e3fb2d3a48418,1,中标次数少
1189,86fba6b15e4462ea3761f0e32792afad,1,中标次数少
1190,aafff39fce1af377111d9e2965d88e68,4,中标次数少
1191,f6a5429a389377df7b98d8c0e3404558,4,中标次数少
1192,820ca9d6f0a3e76bb0b352f47e4b9789,1,中标次数少
1193,61044400480d1e494043f8436e85c6ec,1,中标次数少
1194,42aac80db34cf43f7c27815a4e0db2ad,11,中标次数中等
1195,6cce75319cc2534b4d632aa40ca4bbe9,1,中标次数少
1196,f1691817cc697525f54bd0693dc66bbe,1,中标次数少
1197,2fb2dd7dbb0bea9f5382d4751dfaea09,1,中标次数少
1198,7ecb0d3a35bb6274676c2522f7cd11c7,3,中标次数少
1199,c21127bf5ee60d2d0e3973263d934ad1,2,中标次数少
1200,09b5cd1c04f63e031f6a20f542e13673,1,中标次数少
1201,a025ff9e7907ee2680f2976d05778faa,1,中标次数少
1202,b26a8b9574e2718b6997ebdc8e5bc98b,1,中标次数少
1203,d006e5065e83f8d59c9f918a4bcd3d4d,20,中标次数多
1204,915959cbef70ccec8fa21588d3508729,1,中标次数少
1205,bd9089d6f60497dde6e52a1dc43e26f8,4,中标次数少
1206,18388c1ae9703aabc71adbc6c64efc54,1,中标次数少
1207,2aac1aa53a4e0011640d00698e683cf5,2,中标次数少
1208,1c19879ce594bf02bccd75d7862e6fbe,6,中标次数中等
1209,65d46344f4695cc55041af6dd20afb20,3,中标次数少
1210,91c9f0c1f6b399394545e16ba60685ef,2,中标次数少
1211,3963b3ea7554a382764d4b4d35fa6704,6,中标次数中等
1212,420ea6cbb14c40bd34b2d9c4043e73a1,1,中标次数少
1213,5b9fe1dd2d0259496a26b7a243498825,1,中标次数少
1214,bd2665e701722eb55cfc508376839b68,2,中标次数少
1215,673d4ea9be55a0490b0859bcba6ec5a9,1,中标次数少
1216,cd124a09db7a4b71c0a246a651239f05,6,中标次数中等
1217,67f7c3c000ddfe72a2060ad47ea927a3,2,中标次数少
1218,af8657b245e040a409ef4f85eca5bf01,1,中标次数少
1219,116bf89ffde61903de99bc565a36b7aa,1,中标次数少
1220,01f28acdaa74e707adf64c6f7e0d5e1d,5,中标次数中等
1221,09bdd0098f5a2e3e3eb4d9942319331e,1,中标次数少
1222,e40c04f317fa13c2c605e7e41f8c2e40,4,中标次数少
1223,64dce7ec5a0a8dc07eaffd1868716379,1,中标次数少
1224,5b5d4ca12fa6ce1f36b4cc7b2e004e1e,10,中标次数中等
1225,7d3caf4234c573629a7c82443acbc1dc,3,中标次数少
1226,73fd5fadae1270103f320ff3e92d7dd1,2,中标次数少
1227,ef34ccd9ee920afbe7dee4c8a4307fb6,2,中标次数少
1228,b5772216cc1ce19838aefac8bf83d85c,1,中标次数少
1229,1ea14442b265b1fb2898569c31ce1ed3,1,中标次数少
1230,f1b42edf9c2bfb2021426fc92cc80ee3,1,中标次数少
1231,df7d531737d275d1e54bc29605b940c2,3,中标次数少
1232,d9f3c2de7f41c28be54f17841a4afda8,1,中标次数少
1233,767ecc7bbf1c221d96560b968ae9208e,1,中标次数少
1234,45125de416f5e0153e31288be73e08bd,1,中标次数少
1235,0508ceda45e4adf45249d6c0ef741eab,2,中标次数少
1236,698496355ad7d0e6988cd315b4f6f479,1,中标次数少
1237,e7290feb735f27ab66b79f2581e11326,1,中标次数少
1238,fa11830772ab11fb9faa43b8684a77cf,2,中标次数少
1239,82cf1be9bd08ae792b65625151eead6a,4,中标次数少
1240,9e5ef3761b9b8ece2f9236aa3fe1d4c2,3,中标次数少
1241,32431b73cc27c0acf573ee56765b7d4b,1,中标次数少
1242,ee6f49f6c26a7660fc911017c186975e,1,中标次数少
1243,7f2a135cba7f93f0b77dbd12be7c8264,1,中标次数少
1244,9bb2aba2b26c4548ea9336cd63616fc5,1,中标次数少
1245,221eb24442901fe7a3abbcdf0be6e27e,1,中标次数少
1246,95a171b455e2f79db371af57af6851a6,6,中标次数中等
1247,026d888872589614dbfb55117da353c8,1,中标次数少
1248,8c32af8e25a9f91e2bbdcf7c186908ca,3,中标次数少
1249,577e6dccfcfd795850e0e0a1d95fce9c,1,中标次数少
1250,323d006dc1bd5131454c282d76f9c3f2,1,中标次数少
1251,260749cf2d625a728ebc4db94eece405,3,中标次数少
1252,884dfe3dc775ebef2163ab236416c0ff,1,中标次数少
1253,8e14d6531ceaba5073c2e3337069ce19,1,中标次数少
1254,0006990cefcbcc06df65c077916f255d,1,中标次数少
1255,844be2d122c3ee88c52a9abf8a670961,4,中标次数少
1256,d5b797c4e2e9a2b3336c45316d99ab78,1,中标次数少
1257,72103b19cc3b8d76d5c074242b1fb38b,1,中标次数少
1258,326880eab94cd9c0603f5d530a2a3a11,1,中标次数少
1259,aaf602cfac03b5d42d3f5821f27fbfd2,3,中标次数少
1260,3e2d1938eb2b8014568c33375e7ee111,2,中标次数少
1261,34fe9f09bc165035a5cbcc30f193ac95,1,中标次数少
1262,0f7c715cb9fc816ebfb9866127f8954f,2,中标次数少
1263,b478d13bc749c2b92d3f2cff91c8cd62,5,中标次数中等
1264,1e52b9caf2ae840e80607ce1c8264a63,1,中标次数少
1265,82edb8adaef1901d3a450eeb150f36b3,1,中标次数少
1266,26dc8dfc2934e704bdc58d574c692fe8,3,中标次数少
1267,f99d4ecaade8108e3ca898a9916c3a26,1,中标次数少
1268,bd47ccf9f0ada54290c39d1651ee40b8,1,中标次数少
1269,a2edea3708e71061fdf9b64ef016cb5c,3,中标次数少
1270,fec27eba49e64629adea0c8d1f1ad685,2,中标次数少
1271,fccf6483b6299fe880d06fe595058d33,1,中标次数少
1272,f0428939c38adee418ce3b58052baf6e,1,中标次数少
1273,39a7ba59c3732fa738375e7dde836b9f,2,中标次数少
1274,269aad4c28bf799b671c0087383fa8ac,2,中标次数少
1275,c594de052d6ac8c0c1c27b95f4b6da47,1,中标次数少
1276,161236e945282233526004780d0015fd,1,中标次数少
1277,213ecc87ccdbeb4ad973184a78da5953,5,中标次数中等
1278,55230fed686c2a1c1c57358ffb71bd52,2,中标次数少
1279,330cbcd5428a59a9df23748d6707af5f,7,中标次数中等
1280,69c5f36814ed7319135b14372caa486b,3,中标次数少
1281,b32a7574e41ba3c53a3d4e7b8d60cd37,2,中标次数少
1282,83e28f53df47ba5b0aea50f29c7ca7dd,2,中标次数少
1283,094df0a29a06a0f053196e9eed50bffa,3,中标次数少
1284,826374175c206f77eea4a05b2758c46b,3,中标次数少
1285,ef392925f8e1f76c9e2afac986a038ef,1,中标次数少
1286,7deb563ff866814648572977d89ed09d,2,中标次数少
1287,1a45a678780b4059aeaf0a9e075b3707,1,中标次数少
1288,aaa45b54c5a8f4bf131e150cd5e7bfdb,4,中标次数少
1289,343b844af2b6ee026cd05cdb48467388,2,中标次数少
1290,284fa5768e6e4227874314f18b875c79,10,中标次数中等
1291,f184acc3698fb626b4396f3b88b51122,7,中标次数中等
1292,2fb16d07eb0a1a93047a9e59399012ed,3,中标次数少
1293,20f7554b4f89673f6ccde69ad2f2ce43,5,中标次数中等
1294,aae44464166f8b2476dfa24fd5b4bb22,1,中标次数少
1295,780f8e1e71fa158919095d93f43d8ba7,1,中标次数少
1296,143b33f776d9d26f26ccb0a5d188ca57,1,中标次数少
1297,1792d13c3c421238a1ce6ceac2a8e7b7,1,中标次数少
1298,1ae4bfdc2885e9241a35e59c4262a7af,1,中标次数少
1299,5611d792f6feeccc7daf51c3f8358a1e,2,中标次数少
1300,8dab7d3284b1feba267d58af47f73a10,4,中标次数少
1301,de1321d0125479a179b474f7998d3411,3,中标次数少
1302,c9e857ac765fe579ec16a6285d4f4126,1,中标次数少
1303,0b64286dae3267fc3d4f2e50a46dd611,6,中标次数中等
1304,2c5d779c6329bc247b52eee1dc4e19fd,1,中标次数少
1305,eda82705cde7e4a0bc0d2ff70f3f2ec5,6,中标次数中等
1306,e045924d37c7b00ebed731afa93cbee4,4,中标次数少
1307,5c60ae2482e17ec126a78412e7982724,1,中标次数少
1308,65232685ec489e016fffc93dfba4ce05,1,中标次数少
1309,1e1fd286ce5e239c348eb56ea63fbe93,1,中标次数少
1310,bb7f118214778b4195ff70d87de0064f,4,中标次数少
1311,95267cac2035dae9ad1adac669b0532c,2,中标次数少
1312,2e4b40c6710e103e370d5a0f6b10c78c,3,中标次数少
1313,86cac33d60c159e6095004373afa5563,1,中标次数少
1314,7d8c8ef691baa1aeec4822157f3ff978,5,中标次数中等
1315,57a20115de039315028031ea03443888,1,中标次数少
1316,6cf3c52eb585d4885e9afea22d644756,11,中标次数中等
1317,755059f538f15cb4d523179dab2170fb,11,中标次数中等
1318,1904f6fecf58ab091332486f78af40ce,1,中标次数少
1319,0d3d6d919e97af560764befccb06c9e1,29,中标次数多
1320,d76f74ec81ef735cd18683437c66739e,3,中标次数少
1321,e704cbc910c7471a0b909a7b04b7cd2c,1,中标次数少
1322,02a22f191a591e5e0217c7409adf65c8,7,中标次数中等
1323,2e0f69a4187a3adbcc7518cb433606ca,1,中标次数少
1324,130c60dfa7fbf3125bc9e7751a8be944,2,中标次数少
1325,5138291dc8a0a84866604c126663269a,2,中标次数少
1326,c8ec6c158ddef413d2fd1e769fa424fc,2,中标次数少
1327,72afd4a927ad9896db7b5fdd52002754,2,中标次数少
1328,5d315c0e7af71ca55d18009c995b9d67,1,中标次数少
1329,edf2752b8ac0bc874e2daa454e841aac,1,中标次数少
1330,bda6bbe2eaf494e2951c342099238f49,3,中标次数少
1331,ac851731a3bb7d0faeae728671ab1a96,1,中标次数少
1332,d12376c36e9820105dafb7bc9e2e1f5f,15,中标次数中等
1333,c1931c658f4794c3a13e07146a267937,9,中标次数中等
1334,e215dad8a50b20ab74444fdd822e8cab,3,中标次数少
1335,f4c8ee6f856f43e7fc5b5804314cf893,1,中标次数少
1336,7e1e72f0baba0ad0164760f4df3e5a7f,8,中标次数中等
1337,67fc50d16e591e9e05a0701cdac7b039,2,中标次数少
1338,bdc24fbe9c0a54b1e645fd8bd0694cc2,1,中标次数少
1339,fd112b6ce181d7c40b1df6873f42d339,1,中标次数少
1340,375d82741070d6b3e2be1eab4bc24423,5,中标次数中等
1341,fb7beb0510863ea84a90b0ba0f2ead93,4,中标次数少
1342,9df8e4e71c5c9a585d9304af24f011ca,2,中标次数少
1343,b2d5f37824d312ce90d8cab2858637da,12,中标次数中等
1344,387352f42a6386afc743125884606500,3,中标次数少
1345,cb9b9718728bcbe61c9bec0eed4641b3,1,中标次数少
1346,65d2c38529f173f4f4e430f7d44466ec,1,中标次数少
1347,0cb13f9d7943567d27cce7efbceab179,2,中标次数少
1348,5d774d63e7146225c0cbf2f9ddc5e108,1,中标次数少
1349,2c6ddda81a91890bf7531a6a350d5fbc,3,中标次数少
1350,a7742f66430c963cadcb089cf898b412,1,中标次数少
1351,a0b1a71a37081d6bee44f94065617926,2,中标次数少
1352,2a845ece47de27e3e981354a68a627a5,15,中标次数中等
1353,a7f387cc85d7f7b5490eaa394ca6b1b3,2,中标次数少
1354,40522a0e7940f607bea51ba941cd5bc9,1,中标次数少
1355,cf6aa0368b216cbaf61a82f153857d49,6,中标次数中等
1356,7d49a1c8964fb3d498f44f8d45211780,6,中标次数中等
1357,dae152b6a275f0f7bc7dca5940da94b9,1,中标次数少
1358,5c4ae34168abf5dd10a0e8f892cf6ff4,2,中标次数少
1359,d0c440f87b48a5f1157ebe470f24b59d,1,中标次数少
1360,74069277da683e01c6579c1aa6228609,2,中标次数少
1361,ceae04b27ca5dc9270beded43ddd0297,1,中标次数少
1362,49527be3dc3466f6621c1a3fe1a16021,14,中标次数中等
1363,cabcd5866aa36ca43d85dd6ce0e09245,1,中标次数少
1364,3fdb189cc9faa4d7c4ed1f886866392d,1,中标次数少
1365,2f8a6fc3d27f70ae9fe0643a3483a18b,2,中标次数少
1366,612b7d7b35cf70f92106ad10ad6bd2a3,3,中标次数少
1367,d443a61e4466889276df800b9a981eb1,1,中标次数少
1368,37dff31d4c5464b8313438976f805a18,2,中标次数少
1369,562cbbae810ea4aae746ae09787f9156,1,中标次数少
1370,bf732f3e9c9c7ada72f9079637ae0158,1,中标次数少
1371,3cab3fefe591b5567e2192992f4fed24,1,中标次数少
1372,ac1214ea05b99216f99966ef530da369,1,中标次数少
1373,c455f6d9e76e0abf084c25cb533980ac,1,中标次数少
1374,13efbfd764273ebd19a6bda01de0bb6a,1,中标次数少
1375,91c31ce6cc706c5a7299069cebf97458,1,中标次数少
1376,403c20a00238aa2bd34030af1abe1a36,1,中标次数少
1377,686293ddd36d029ef36da98811bc67ab,1,中标次数少
1378,f4adb1ff1b5284877ff1198211db32e6,1,中标次数少
1379,90a2a42ca32437d5e903615afb5c5285,12,中标次数中等
1380,302994f9e89d4b8e5a0f647b3c4b679f,19,中标次数多
1381,b3d179a987f44cc981d677559da5aa6a,6,中标次数中等
1382,ad980d5790e0ee7d8a5211f91856a9b6,3,中标次数少
1383,26c43f624581305326043d7174784e4f,11,中标次数中等
1384,e2bad9b4fecb3ffbdc0e2de2bc377e99,1,中标次数少
1385,87dd1a876959fdb9859b555aba6d78e1,1,中标次数少
1386,5fbf9173cb8ff95e75b6dbf8563936a2,3,中标次数少
1387,278296f709f3682109d04c68c250b4c0,2,中标次数少
1388,cfdc67bf8a906320b06e0b6328d8cf8f,2,中标次数少
1389,2d839d9ec70e73f16ef1470df04ac108,1,中标次数少
1390,e0fd3bec928421d5360477d60ab69a3e,1,中标次数少
1391,14ac26d7298f5fbe856f4f7cf8f1b59e,1,中标次数少
1392,924ff21fc37f4ad9635de189ea2e9dca,1,中标次数少
1393,559b7529bbd3c8b5e8c4737bf67768f0,3,中标次数少
1394,9e478d70a1ad684c48ba506cdff2c7c4,1,中标次数少
1395,8a3015068282df28856f5dec53582603,3,中标次数少
1396,c5de1076f353fee8a4e3557b693beebf,2,中标次数少
1397,238ae57936537a6266bb3fae1b9385d0,2,中标次数少
1398,3844244522bc6657940bc730e383927e,2,中标次数少
1399,855dcd01a80909251a1d7e3fef0d1be3,2,中标次数少
1400,7b489e841d2da7ee0732f8d8d69e8ecc,1,中标次数少
1401,591db812fe5566b52c3344e199622481,1,中标次数少
1402,af11da396f2b4710fb6349ffe4651e74,1,中标次数少
1403,581f4f913e85dac7a44fe8d348f9bee4,2,中标次数少
1404,041cdea5315c2c3e65cae1a2724d2e66,1,中标次数少
1405,4ad3a2dbae57938f8317fdbebe497738,1,中标次数少
1406,45d977e6f09c298cc3be5fae797bff5b,1,中标次数少
1407,99785e4ea3b72047bf3203e05157ff3f,8,中标次数中等
1408,9dfced38f7ba7cd4c8e0fb2ca22efae2,8,中标次数中等
1409,fa9c32890d30fd0f94a5fd5f89ede681,1,中标次数少
1410,d2ac90924e938b55e4a86606ff39aeea,1,中标次数少
1411,6926a16c3c42d478db31c3762f5a06f9,1,中标次数少
1412,dc994b4d6928a2dcf17b82b7c3031926,1,中标次数少
1413,e2cea7449d51391e79395d7a03b32c32,1,中标次数少
1414,98be094b827a38833806308051888211,18,中标次数多
1415,0690f8893833d2dd3859c6595be3ba54,1,中标次数少
1416,2594dac4be04a240e3279681060fd0e5,4,中标次数少
1417,b01f4b8cef07a50adefcb0ec09314ee0,2,中标次数少
1418,c3821c0ac63f917144a5e6d9ffcb9cd7,1,中标次数少
1419,d10b5b7d337ad9e76318b4b29c8d3a33,4,中标次数少
1420,45615b5cf32943a3a56df8577d749e09,1,中标次数少
1421,e7f857c262457909c9572d2e1655a88a,1,中标次数少
1422,c190b971a9a2b52c0f1d0f20a7fe3f02,4,中标次数少
1423,f285661027ade1e8062521016a81bcd4,6,中标次数中等
1424,0e3feab9d88783647269132cba3a9f11,6,中标次数中等
1425,d53e469fe59e48349ed65eff469b6d96,2,中标次数少
1426,8bda4a6a7379cf10d84494627c0b0558,4,中标次数少
1427,2658da5bbb3de55f44e346ca21c5b352,1,中标次数少
1428,71725d318d185ae281c14a08fb38eb49,2,中标次数少
1429,152bb0a9d5e9140d5e18e0e4d8338418,2,中标次数少
1430,021a51be06c945842eecd79f65d1a48c,1,中标次数少
1431,0bb42dc71d2b6c32a330c62a3998935a,7,中标次数中等
1432,1d2e9764c7d5ca9d1f358d882500929a,1,中标次数少
1433,e3aa4cec8bdd69dc9e6bdd70b4d4bfdc,2,中标次数少
1434,0d3b553338085c7d4cc04d29e78b1f75,2,中标次数少
1435,8631df76cf37b6000eca0ad73be0417d,2,中标次数少
1436,7938a4c607cc011dbd9f572231af6274,1,中标次数少
1437,c8fa8f7735c4c627f7f936b0e91a0e0d,2,中标次数少
1438,9bfd1411a696e699fb116a8d58757b06,2,中标次数少
1439,d44ba696359825605613119cdcc0b2c7,1,中标次数少
1440,d9e307b2d6ed877d37dcd6e52a0cff20,1,中标次数少
1441,c5d417b374b75d68991fdc1a53323b52,1,中标次数少
1442,cfff7ab0253ed0e83168a9f36fc2e5d9,1,中标次数少
1443,932e09db39d4567544fa3d7295befab8,2,中标次数少
1444,4d6d494db3714d716b54af99b6d276c1,1,中标次数少
1445,03c93acc40135ca5fac074a078a85986,20,中标次数多
1446,30812948dc328d236598fdc04ea4fbe2,1,中标次数少
1447,8dca23b668be0b462abee90704d7878f,16,中标次数中等
1448,f03a11467e9dac5209b6daf9b5d2a32d,1,中标次数少
1449,9d5e91f0826e75e47d84f648bf30ea97,4,中标次数少
1450,9a20afb50315a9409c70ae52bd450bfa,1,中标次数少
1451,e6acf3d2a517515eb2a2191db93ed392,6,中标次数中等
1452,15c14dd7951570b6954c11053c3af0c2,1,中标次数少
1453,30a53f4755f4ab3f18e3ed4ff76b108e,1,中标次数少
1454,1e6430d0ecdae002f1a79f550823af4f,7,中标次数中等
1455,0ed81ac79936b8a30421e3a50c3b23fa,7,中标次数中等
1456,b92de2c1264b7cacfbf9bb17bdba5bcd,2,中标次数少
1457,072e4b64bc0c851cd3dd8a26cc233fd4,2,中标次数少
1458,dca01d3d4ad069b6b80812ca7db85a95,1,中标次数少
1459,5fae3b46b1235973da53563cb6a150f4,1,中标次数少
1460,1696f88d7850170478a8967c9d630d20,2,中标次数少
1461,01832ee4872fe422af2001e8c8705209,1,中标次数少
1462,eec087c9951c0b80bff88ad1492aad04,2,中标次数少
1463,88cad03e5391f728c6c55602d94dbc8f,3,中标次数少
1464,6714d3d36562baa62217436ad9270743,2,中标次数少
1465,77082776bcc180cf13aee0af20815e31,7,中标次数中等
1466,9e182eae87fd1c99d0a2febb7762f795,1,中标次数少
1467,cf37204f9cd54cd8a4dfa79298615e7b,3,中标次数少
1468,8f2243ad674192bfa67669de5a981371,2,中标次数少
1469,ec6deb269861ce30d5fdf093ccbb987a,1,中标次数少
1470,5efa81ce8967f7937bf14738842adbfc,1,中标次数少
1471,5f37b5a45e1d3e010809906ede3ef552,1,中标次数少
1472,60ca0734a28a5c928ff93eb8f9ce1d10,1,中标次数少
1473,7259fdceecd9e2111be45ba02877ecd7,12,中标次数中等
1474,e254a02de987970b7699e66d789da107,1,中标次数少
1475,b7b8fe465397942f9b505a60f2d19633,1,中标次数少
1476,f6ebb8c1e9fa10002889aeb456f4d6f9,1,中标次数少
1477,6a3b3c18076e3591757a78076002e90c,11,中标次数中等
1478,c819f44a3fe92edd334ce1accb23b321,1,中标次数少
1479,3fa7418a70dada3677db4a55ae29f5fe,3,中标次数少
1480,c406a8e8e317c5a7876b1a136e0bd32c,1,中标次数少
1481,4b94d7af0a9982211ccc259f03af648c,2,中标次数少
1482,0f8a6a88f4b06e8dadf49588c048053c,10,中标次数中等
1483,e8e9d8eca647f4422dcafdb7c37b798b,2,中标次数少
1484,c38f01438af3a6836475fca2c2a73674,2,中标次数少
1485,b6e1d21a219936c293a79d97e7f0f63b,43,中标次数多
1486,3b82802ef368d6db948a993bf1acc77a,1,中标次数少
1487,7fcdb889987290926c81d4e956da704c,1,中标次数少
1488,b376cc82f8254574833210a58f8d9d1b,1,中标次数少
1489,522f88e2960754e03b14fcc95a37f486,1,中标次数少
1490,80683e035670a640a89b8ef2f6ce4f33,1,中标次数少
